#
# There is insufficient memory for the Java Runtime Environment to continue.
# Native memory allocation (mmap) failed to map 2097152 bytes. Error detail: G1 virtual space
# Possible reasons:
#   The system is out of physical RAM or swap space
#   This process is running with CompressedOops enabled, and the Java Heap may be blocking the growth of the native heap
# Possible solutions:
#   Reduce memory load on the system
#   Increase physical memory or swap space
#   Check if swap backing store is full
#   Decrease Java heap size (-Xmx/-Xms)
#   Decrease number of Java threads
#   Decrease Java thread stack sizes (-Xss)
#   Set larger code cache with -XX:ReservedCodeCacheSize=
#   JVM is running with Zero Based Compressed Oops mode in which the Java heap is
#     placed in the first 32GB address space. The Java Heap base address is the
#     maximum limit for the native heap growth. Please use -XX:HeapBaseMinAddress
#     to set the Java Heap base and to place the Java Heap above 32GB virtual address.
# This output file may be truncated or incomplete.
#
#  Out of Memory Error (os_windows.cpp:3631), pid=31608, tid=26772
#
# JRE version: Java(TM) SE Runtime Environment (22.0.1+8) (build 22.0.1+8-16)
# Java VM: Java HotSpot(TM) 64-Bit Server VM (22.0.1+8-16, mixed mode, emulated-client, sharing, tiered, compressed oops, compressed class ptrs, g1 gc, windows-amd64)
# No core dump will be written. Minidumps are not enabled by default on client versions of Windows
#

---------------  S U M M A R Y ------------

Command Line: -XX:TieredStopAtLevel=1 -Dspring.output.ansi.enabled=always -Dcom.sun.management.jmxremote -Dspring.jmx.enabled=true -Dspring.liveBeansView.mbeanDomain -Dspring.application.admin.enabled=true -Dmanagement.endpoints.jmx.exposure.include=* -javaagent:C:\Program Files\JetBrains\IntelliJ IDEA 2024.1.3\lib\idea_rt.jar=58592:C:\Program Files\JetBrains\IntelliJ IDEA 2024.1.3\bin -Dfile.encoding=UTF-8 -Dsun.stdout.encoding=UTF-8 -Dsun.stderr.encoding=UTF-8 com.example.KLTN.KltnApplication

Host: 13th Gen Intel(R) Core(TM) i5-1340P, 16 cores, 15G,  Windows 11 , 64 bit Build 22621 (10.0.22621.4391)
Time: Tue Jan  7 10:55:04 2025 SE Asia Standard Time elapsed time: 441.083413 seconds (0d 0h 7m 21s)

---------------  T H R E A D  ---------------

Current thread (0x000001fa932a5440):  JavaThread "http-nio-8080-exec-10" daemon [_thread_in_vm, id=26772, stack(0x0000000d85400000,0x0000000d85500000) (1024K)]

Stack: [0x0000000d85400000,0x0000000d85500000]
Native frames: (J=compiled Java code, j=interpreted, Vv=VM code, C=native code)
V  [jvm.dll+0x6e2279]  (no source info available)
V  [jvm.dll+0x874e33]  (no source info available)
V  [jvm.dll+0x87725e]  (no source info available)
V  [jvm.dll+0x877933]  (no source info available)
V  [jvm.dll+0x27fd76]  (no source info available)
V  [jvm.dll+0x6de915]  (no source info available)
V  [jvm.dll+0x6d341a]  (no source info available)
V  [jvm.dll+0x3589da]  (no source info available)
V  [jvm.dll+0x360f06]  (no source info available)
V  [jvm.dll+0x3b3b2b]  (no source info available)
V  [jvm.dll+0x3b41c4]  (no source info available)
V  [jvm.dll+0x3b3d36]  (no source info available)
V  [jvm.dll+0x32ca1e]  (no source info available)
V  [jvm.dll+0x32ad3f]  (no source info available)
V  [jvm.dll+0x67386b]  (no source info available)
V  [jvm.dll+0x23d7f2]  (no source info available)
V  [jvm.dll+0x8393d7]  (no source info available)
V  [jvm.dll+0x1a564b]  (no source info available)
C  0x000001fa3f355ff1  (no source info available)

The last pc belongs to new_type_array Runtime1 stub (printed below).
Java frames: (J=compiled Java code, j=interpreted, Vv=VM code)
v  ~RuntimeStub::new_type_array Runtime1 stub 0x000001fa3f355ff1
J 5285 c1 com.mysql.cj.protocol.a.SimplePacketReader.readMessageLocal(Ljava/util/Optional;Lcom/mysql/cj/protocol/a/NativePacketHeader;)Lcom/mysql/cj/protocol/a/NativePacketPayload; (145 bytes) @ 0x000001fa400a274f [0x000001fa400a1d40+0x0000000000000a0f]
J 5283 c1 com.mysql.cj.protocol.a.SimplePacketReader.readMessage(Ljava/util/Optional;Lcom/mysql/cj/protocol/MessageHeader;)Lcom/mysql/cj/protocol/Message; (10 bytes) @ 0x000001fa4009b244 [0x000001fa4009b1c0+0x0000000000000084]
J 5292 c1 com.mysql.cj.protocol.a.TimeTrackingPacketReader.readMessage(Ljava/util/Optional;Lcom/mysql/cj/protocol/MessageHeader;)Lcom/mysql/cj/protocol/Message; (10 bytes) @ 0x000001fa4009c7cc [0x000001fa4009c740+0x000000000000008c]
J 5291 c1 com.mysql.cj.protocol.a.MultiPacketReader.readMessage(Ljava/util/Optional;Lcom/mysql/cj/protocol/a/NativePacketHeader;)Lcom/mysql/cj/protocol/a/NativePacketPayload; (154 bytes) @ 0x000001fa400a4c1c [0x000001fa400a4b80+0x000000000000009c]
J 5290 c1 com.mysql.cj.protocol.a.MultiPacketReader.readMessage(Ljava/util/Optional;Lcom/mysql/cj/protocol/MessageHeader;)Lcom/mysql/cj/protocol/Message; (10 bytes) @ 0x000001fa4009b994 [0x000001fa4009b920+0x0000000000000074]
J 5301 c1 com.mysql.cj.protocol.a.ResultsetRowReader.read(Lcom/mysql/cj/protocol/ProtocolEntityFactory;)Lcom/mysql/cj/protocol/ResultsetRow; (146 bytes) @ 0x000001fa400a7e84 [0x000001fa400a7cc0+0x00000000000001c4]
J 5300 c1 com.mysql.cj.protocol.a.ResultsetRowReader.read(Lcom/mysql/cj/protocol/ProtocolEntityFactory;)Lcom/mysql/cj/protocol/ProtocolEntity; (6 bytes) @ 0x000001fa400a6ae4 [0x000001fa400a6aa0+0x0000000000000044]
J 5298 c1 com.mysql.cj.protocol.a.NativeProtocol.read(Ljava/lang/Class;Lcom/mysql/cj/protocol/ProtocolEntityFactory;)Lcom/mysql/cj/protocol/ProtocolEntity; (55 bytes) @ 0x000001fa400a612c [0x000001fa400a5fa0+0x000000000000018c]
J 11289 c1 com.mysql.cj.protocol.a.TextResultsetReader.read(IZLcom/mysql/cj/protocol/a/NativePacketPayload;Lcom/mysql/cj/protocol/ColumnDefinition;Lcom/mysql/cj/protocol/ProtocolEntityFactory;)Lcom/mysql/cj/protocol/Resultset; (333 bytes) @ 0x000001fa3faaf69c [0x000001fa3faaf120+0x000000000000057c]
J 11288 c1 com.mysql.cj.protocol.a.TextResultsetReader.read(IZLcom/mysql/cj/protocol/Message;Lcom/mysql/cj/protocol/ColumnDefinition;Lcom/mysql/cj/protocol/ProtocolEntityFactory;)Lcom/mysql/cj/protocol/ProtocolEntity; (15 bytes) @ 0x000001fa3fab4514 [0x000001fa3fab44a0+0x0000000000000074]
J 11287 c1 com.mysql.cj.protocol.a.NativeProtocol.read(Ljava/lang/Class;IZLcom/mysql/cj/protocol/a/NativePacketPayload;ZLcom/mysql/cj/protocol/ColumnDefinition;Lcom/mysql/cj/protocol/ProtocolEntityFactory;)Lcom/mysql/cj/protocol/ProtocolEntity; (86 bytes) @ 0x000001fa3fab3d9c [0x000001fa3fab3b40+0x000000000000025c]
J 11286 c1 com.mysql.cj.protocol.a.NativeProtocol.readAllResults(IZLcom/mysql/cj/protocol/a/NativePacketPayload;ZLcom/mysql/cj/protocol/ColumnDefinition;Lcom/mysql/cj/protocol/ProtocolEntityFactory;)Lcom/mysql/cj/protocol/Resultset; (115 bytes) @ 0x000001fa3fab314c [0x000001fa3fab30a0+0x00000000000000ac]
J 11655 c1 com.mysql.cj.protocol.a.NativeProtocol.sendQueryPacket(Lcom/mysql/cj/Query;Lcom/mysql/cj/protocol/a/NativePacketPayload;IZLcom/mysql/cj/protocol/ColumnDefinition;Lcom/mysql/cj/protocol/ProtocolEntityFactory;)Lcom/mysql/cj/protocol/Resultset; (934 bytes) @ 0x000001fa3fa13f3c [0x000001fa3fa13820+0x000000000000071c]
J 11654 c1 com.mysql.cj.NativeSession.execSQL(Lcom/mysql/cj/Query;Ljava/lang/String;ILcom/mysql/cj/protocol/a/NativePacketPayload;ZLcom/mysql/cj/protocol/ProtocolEntityFactory;Lcom/mysql/cj/protocol/ColumnDefinition;Z)Lcom/mysql/cj/protocol/Resultset; (577 bytes) @ 0x000001fa3fa19514 [0x000001fa3fa18fe0+0x0000000000000534]
J 14347 c1 com.mysql.cj.jdbc.ClientPreparedStatement.executeInternal(ILcom/mysql/cj/protocol/Message;ZZLcom/mysql/cj/protocol/ColumnDefinition;Z)Lcom/mysql/cj/jdbc/result/ResultSetInternalMethods; (224 bytes) @ 0x000001fa3fc139c4 [0x000001fa3fc13580+0x0000000000000444]
J 14351 c1 com.mysql.cj.jdbc.ClientPreparedStatement.executeQuery()Ljava/sql/ResultSet; (345 bytes) @ 0x000001fa3fc1017c [0x000001fa3fc0f5e0+0x0000000000000b9c]
J 15177 c1 com.zaxxer.hikari.pool.HikariProxyPreparedStatement.executeQuery()Ljava/sql/ResultSet; (12 bytes) @ 0x000001fa3f5a3c24 [0x000001fa3f5a3b60+0x00000000000000c4]
J 15487 c1 org.hibernate.sql.results.jdbc.internal.DeferredResultSetAccess.executeQuery()V (286 bytes) @ 0x000001fa407905e4 [0x000001fa40790080+0x0000000000000564]
J 15580 c1 org.hibernate.sql.results.spi.ListResultsConsumer.consume(Lorg/hibernate/sql/results/jdbc/spi/JdbcValues;Lorg/hibernate/engine/spi/SharedSessionContractImplementor;Lorg/hibernate/sql/results/jdbc/spi/JdbcValuesSourceProcessingOptions;Lorg/hibernate/sql/results/jdbc/internal/JdbcValuesSourceProcessingStateStandardImpl;Lorg/hibernate/sql/results/internal/RowProcessingStateStandardImpl;Lorg/hibernate/sql/results/spi/RowReader;)Ljava/util/List; (751 bytes) @ 0x000001fa4075bff4 [0x000001fa4075afe0+0x0000000000001014]
J 15546 c1 org.hibernate.sql.exec.internal.JdbcSelectExecutorStandardImpl.doExecuteQuery(Lorg/hibernate/sql/exec/spi/JdbcOperationQuerySelect;Lorg/hibernate/sql/exec/spi/JdbcParameterBindings;Lorg/hibernate/sql/exec/spi/ExecutionContext;Lorg/hibernate/sql/results/spi/RowTransformer;Ljava/lang/Class;Ljava/util/function/Function;Lorg/hibernate/sql/results/spi/ResultsConsumer;)Ljava/lang/Object; (385 bytes) @ 0x000001fa40777bd4 [0x000001fa40776fc0+0x0000000000000c14]
J 15545 c1 org.hibernate.sql.exec.internal.JdbcSelectExecutorStandardImpl.executeQuery(Lorg/hibernate/sql/exec/spi/JdbcOperationQuerySelect;Lorg/hibernate/sql/exec/spi/JdbcParameterBindings;Lorg/hibernate/sql/exec/spi/ExecutionContext;Lorg/hibernate/sql/results/spi/RowTransformer;Ljava/lang/Class;Ljava/util/function/Function;Lorg/hibernate/sql/results/spi/ResultsConsumer;)Ljava/lang/Object; (105 bytes) @ 0x000001fa4077af8c [0x000001fa4077ad60+0x000000000000022c]
J 15796 c1 org.hibernate.query.sqm.internal.ConcreteSqmSelectQueryPlan.lambda$new$2(Ljava/lang/String;Lorg/hibernate/sql/results/spi/ListResultsConsumer$UniqueSemantic;Lorg/hibernate/query/sqm/internal/DomainParameterXref;Ljava/lang/Void;Lorg/hibernate/query/spi/DomainQueryExecutionContext;Lorg/hibernate/query/sqm/internal/ConcreteSqmSelectQueryPlan$CacheableSqmInterpretation;Lorg/hibernate/sql/exec/spi/JdbcParameterBindings;)Ljava/util/List; (116 bytes) @ 0x000001fa40817654 [0x000001fa40817020+0x0000000000000634]
J 15795 c1 org.hibernate.query.sqm.internal.ConcreteSqmSelectQueryPlan$$Lambda+0x000001fa4cbe3b20.interpret(Ljava/lang/Object;Lorg/hibernate/query/spi/DomainQueryExecutionContext;Lorg/hibernate/query/sqm/internal/ConcreteSqmSelectQueryPlan$CacheableSqmInterpretation;Lorg/hibernate/sql/exec/spi/JdbcParameterBindings;)Ljava/lang/Object; (28 bytes) @ 0x000001fa40818a7c [0x000001fa408189c0+0x00000000000000bc]
J 15734 c1 org.hibernate.query.sqm.internal.ConcreteSqmSelectQueryPlan.withCacheableSqmInterpretation(Lorg/hibernate/query/spi/DomainQueryExecutionContext;Ljava/lang/Object;Lorg/hibernate/query/sqm/internal/ConcreteSqmSelectQueryPlan$SqmInterpreter;)Ljava/lang/Object; (265 bytes) @ 0x000001fa40838324 [0x000001fa40837cc0+0x0000000000000664]
J 15749 c1 org.hibernate.query.sqm.internal.QuerySqmImpl.doList()Ljava/util/List; (91 bytes) @ 0x000001fa408305bc [0x000001fa40830200+0x00000000000003bc]
J 15748 c1 org.hibernate.query.spi.AbstractSelectionQuery.list()Ljava/util/List; (73 bytes) @ 0x000001fa408348cc [0x000001fa408347e0+0x00000000000000ec]
j  org.hibernate.query.Query.getResultList()Ljava/util/List;+1
j  org.springframework.data.jpa.repository.query.JpaQueryExecution$CollectionExecution.doExecute(Lorg/springframework/data/jpa/repository/query/AbstractJpaQuery;Lorg/springframework/data/jpa/repository/query/JpaParametersParameterAccessor;)Ljava/lang/Object;+5
j  org.springframework.data.jpa.repository.query.JpaQueryExecution.execute(Lorg/springframework/data/jpa/repository/query/AbstractJpaQuery;Lorg/springframework/data/jpa/repository/query/JpaParametersParameterAccessor;)Ljava/lang/Object;+15
j  org.springframework.data.jpa.repository.query.AbstractJpaQuery.doExecute(Lorg/springframework/data/jpa/repository/query/JpaQueryExecution;[Ljava/lang/Object;)Ljava/lang/Object;+9
j  org.springframework.data.jpa.repository.query.AbstractJpaQuery.execute([Ljava/lang/Object;)Ljava/lang/Object;+6
j  org.springframework.data.repository.core.support.RepositoryMethodInvoker$RepositoryQueryMethodInvoker$$Lambda+0x000001fa4cbb5660.invoke([Ljava/lang/Object;)Ljava/lang/Object;+5
J 15371 c1 org.springframework.data.repository.core.support.RepositoryMethodInvoker.doInvoke(Ljava/lang/Class;Lorg/springframework/data/repository/core/support/RepositoryInvocationMulticaster;[Ljava/lang/Object;)Ljava/lang/Object; (130 bytes) @ 0x000001fa3f558be4 [0x000001fa3f558aa0+0x0000000000000144]
J 15322 c1 org.springframework.data.repository.core.support.QueryExecutorMethodInterceptor.doInvoke(Lorg/aopalliance/intercept/MethodInvocation;)Ljava/lang/Object; (94 bytes) @ 0x000001fa3f56abb4 [0x000001fa3f56a780+0x0000000000000434]
J 15361 c1 org.springframework.data.repository.core.support.QueryExecutorMethodInterceptor.invoke(Lorg/aopalliance/intercept/MethodInvocation;)Ljava/lang/Object; (48 bytes) @ 0x000001fa3f55e424 [0x000001fa3f55e2c0+0x0000000000000164]
J 13265 c1 org.springframework.aop.framework.ReflectiveMethodInvocation.proceed()Ljava/lang/Object; (126 bytes) @ 0x000001fa4010db44 [0x000001fa4010d8c0+0x0000000000000284]
J 15313 c1 org.springframework.data.projection.DefaultMethodInvokingMethodInterceptor.invoke(Lorg/aopalliance/intercept/MethodInvocation;)Ljava/lang/Object; (54 bytes) @ 0x000001fa3f5710ac [0x000001fa3f570f80+0x000000000000012c]
J 13265 c1 org.springframework.aop.framework.ReflectiveMethodInvocation.proceed()Ljava/lang/Object; (126 bytes) @ 0x000001fa4010db44 [0x000001fa4010d8c0+0x0000000000000284]
J 15319 c1 org.springframework.transaction.interceptor.TransactionAspectSupport.invokeWithinTransaction(Ljava/lang/reflect/Method;Ljava/lang/Class;Lorg/springframework/transaction/interceptor/TransactionAspectSupport$InvocationCallback;)Ljava/lang/Object; (495 bytes) @ 0x000001fa3f56cb4c [0x000001fa3f56c7a0+0x00000000000003ac]
J 15311 c1 org.springframework.transaction.interceptor.TransactionInterceptor.invoke(Lorg/aopalliance/intercept/MethodInvocation;)Ljava/lang/Object; (46 bytes) @ 0x000001fa3f571d44 [0x000001fa3f571b80+0x00000000000001c4]
J 13265 c1 org.springframework.aop.framework.ReflectiveMethodInvocation.proceed()Ljava/lang/Object; (126 bytes) @ 0x000001fa4010db44 [0x000001fa4010d8c0+0x0000000000000284]
J 15359 c1 org.springframework.dao.support.PersistenceExceptionTranslationInterceptor.invoke(Lorg/aopalliance/intercept/MethodInvocation;)Ljava/lang/Object; (86 bytes) @ 0x000001fa3f55ed8c [0x000001fa3f55ed00+0x000000000000008c]
J 13265 c1 org.springframework.aop.framework.ReflectiveMethodInvocation.proceed()Ljava/lang/Object; (126 bytes) @ 0x000001fa4010db44 [0x000001fa4010d8c0+0x0000000000000284]
J 15298 c1 org.springframework.data.jpa.repository.support.CrudMethodMetadataPostProcessor$CrudMethodMetadataPopulatingMethodInterceptor.invoke(Lorg/aopalliance/intercept/MethodInvocation;)Ljava/lang/Object; (183 bytes) @ 0x000001fa3f576f24 [0x000001fa3f5766a0+0x0000000000000884]
J 13265 c1 org.springframework.aop.framework.ReflectiveMethodInvocation.proceed()Ljava/lang/Object; (126 bytes) @ 0x000001fa4010db44 [0x000001fa4010d8c0+0x0000000000000284]
J 15318 c1 org.springframework.aop.interceptor.ExposeInvocationInterceptor.invoke(Lorg/aopalliance/intercept/MethodInvocation;)Ljava/lang/Object; (45 bytes) @ 0x000001fa3f56ed5c [0x000001fa3f56eb40+0x000000000000021c]
J 13265 c1 org.springframework.aop.framework.ReflectiveMethodInvocation.proceed()Ljava/lang/Object; (126 bytes) @ 0x000001fa4010db44 [0x000001fa4010d8c0+0x0000000000000284]
J 12798 c1 org.springframework.aop.framework.JdkDynamicAopProxy.invoke(Ljava/lang/Object;Ljava/lang/reflect/Method;[Ljava/lang/Object;)Ljava/lang/Object; (663 bytes) @ 0x000001fa404939fc [0x000001fa40493600+0x00000000000003fc]
j  jdk.proxy6.$Proxy214.findByStatus(Lcom/example/KLTN/Enum/Status;)Ljava/util/List;+16 jdk.proxy6
j  com.example.KLTN.SampleSent.SampleSentImpl.getAllProjectsWithPdfFileReceived()Ljava/util/List;+7
j  com.example.KLTN.SampleSent.SampleSentController.getAllProjectsWithPdfReceived()Lorg/springframework/http/ResponseEntity;+4
J 6413 c1 java.lang.invoke.DirectMethodHandle$Holder.invokeVirtual(Ljava/lang/Object;Ljava/lang/Object;)Ljava/lang/Object; java.base@22.0.1 (14 bytes) @ 0x000001fa40249c24 [0x000001fa40249bc0+0x0000000000000064]
J 2721 c1 java.lang.invoke.LambdaForm$MH+0x000001fa4c007800.invoke(Ljava/lang/Object;Ljava/lang/Object;)Ljava/lang/Object; java.base@22.0.1 (35 bytes) @ 0x000001fa3fc8b3b4 [0x000001fa3fc8b2c0+0x00000000000000f4]
J 4330 c1 jdk.internal.reflect.DirectMethodHandleAccessor.invoke(Ljava/lang/Object;[Ljava/lang/Object;)Ljava/lang/Object; java.base@22.0.1 (92 bytes) @ 0x000001fa3ff23e64 [0x000001fa3ff23b60+0x0000000000000304]
J 4495 c1 java.lang.reflect.Method.invoke(Ljava/lang/Object;[Ljava/lang/Object;)Ljava/lang/Object; java.base@22.0.1 (108 bytes) @ 0x000001fa3ff5f5dc [0x000001fa3ff5f400+0x00000000000001dc]
j  org.springframework.web.method.support.InvocableHandlerMethod.doInvoke([Ljava/lang/Object;)Ljava/lang/Object;+55
j  org.springframework.web.method.support.InvocableHandlerMethod.invokeForRequest(Lorg/springframework/web/context/request/NativeWebRequest;Lorg/springframework/web/method/support/ModelAndViewContainer;[Ljava/lang/Object;)Ljava/lang/Object;+82
j  org.springframework.web.servlet.mvc.method.annotation.ServletInvocableHandlerMethod.invokeAndHandle(Lorg/springframework/web/context/request/ServletWebRequest;Lorg/springframework/web/method/support/ModelAndViewContainer;[Ljava/lang/Object;)V+4
j  org.springframework.web.servlet.mvc.method.annotation.RequestMappingHandlerAdapter.invokeHandlerMethod(Ljakarta/servlet/http/HttpServletRequest;Ljakarta/servlet/http/HttpServletResponse;Lorg/springframework/web/method/HandlerMethod;)Lorg/springframework/web/servlet/ModelAndView;+309
j  org.springframework.web.servlet.mvc.method.annotation.RequestMappingHandlerAdapter.handleInternal(Ljakarta/servlet/http/HttpServletRequest;Ljakarta/servlet/http/HttpServletResponse;Lorg/springframework/web/method/HandlerMethod;)Lorg/springframework/web/servlet/ModelAndView;+81
j  org.springframework.web.servlet.mvc.method.AbstractHandlerMethodAdapter.handle(Ljakarta/servlet/http/HttpServletRequest;Ljakarta/servlet/http/HttpServletResponse;Ljava/lang/Object;)Lorg/springframework/web/servlet/ModelAndView;+7
j  org.springframework.web.servlet.DispatcherServlet.doDispatch(Ljakarta/servlet/http/HttpServletRequest;Ljakarta/servlet/http/HttpServletResponse;)V+259
j  org.springframework.web.servlet.DispatcherServlet.doService(Ljakarta/servlet/http/HttpServletRequest;Ljakarta/servlet/http/HttpServletResponse;)V+242
j  org.springframework.web.servlet.FrameworkServlet.processRequest(Ljakarta/servlet/http/HttpServletRequest;Ljakarta/servlet/http/HttpServletResponse;)V+70
j  org.springframework.web.servlet.FrameworkServlet.doGet(Ljakarta/servlet/http/HttpServletRequest;Ljakarta/servlet/http/HttpServletResponse;)V+3
j  jakarta.servlet.http.HttpServlet.service(Ljakarta/servlet/http/HttpServletRequest;Ljakarta/servlet/http/HttpServletResponse;)V+35
j  org.springframework.web.servlet.FrameworkServlet.service(Ljakarta/servlet/http/HttpServletRequest;Ljakarta/servlet/http/HttpServletResponse;)V+20
j  jakarta.servlet.http.HttpServlet.service(Ljakarta/servlet/ServletRequest;Ljakarta/servlet/ServletResponse;)V+37
J 14731 c1 org.apache.catalina.core.ApplicationFilterChain.internalDoFilter(Ljakarta/servlet/ServletRequest;Ljakarta/servlet/ServletResponse;)V (386 bytes) @ 0x000001fa3f4a243c [0x000001fa3f4a1f80+0x00000000000004bc]
J 14730 c1 org.apache.catalina.core.ApplicationFilterChain.doFilter(Ljakarta/servlet/ServletRequest;Ljakarta/servlet/ServletResponse;)V (103 bytes) @ 0x000001fa3f4a45e4 [0x000001fa3f4a45a0+0x0000000000000044]
j  org.apache.tomcat.websocket.server.WsFilter.doFilter(Ljakarta/servlet/ServletRequest;Ljakarta/servlet/ServletResponse;Ljakarta/servlet/FilterChain;)V+21
J 14731 c1 org.apache.catalina.core.ApplicationFilterChain.internalDoFilter(Ljakarta/servlet/ServletRequest;Ljakarta/servlet/ServletResponse;)V (386 bytes) @ 0x000001fa3f4a28dc [0x000001fa3f4a1f80+0x000000000000095c]
J 14730 c1 org.apache.catalina.core.ApplicationFilterChain.doFilter(Ljakarta/servlet/ServletRequest;Ljakarta/servlet/ServletResponse;)V (103 bytes) @ 0x000001fa3f4a45e4 [0x000001fa3f4a45a0+0x0000000000000044]
J 16038 c1 org.springframework.web.filter.CompositeFilter$VirtualFilterChain.doFilter(Ljakarta/servlet/ServletRequest;Ljakarta/servlet/ServletResponse;)V (69 bytes) @ 0x000001fa407b780c [0x000001fa407b7760+0x00000000000000ac]
j  org.springframework.security.web.FilterChainProxy.lambda$doFilterInternal$3(Lorg/springframework/security/web/firewall/FirewalledRequest;Ljakarta/servlet/FilterChain;Ljakarta/servlet/ServletRequest;Ljakarta/servlet/ServletResponse;)V+35
j  org.springframework.security.web.FilterChainProxy$$Lambda+0x000001fa4cbf15c0.doFilter(Ljakarta/servlet/ServletRequest;Ljakarta/servlet/ServletResponse;)V+10
J 13802 c1 org.springframework.security.web.FilterChainProxy$VirtualFilterChain.doFilter(Ljakarta/servlet/ServletRequest;Ljakarta/servlet/ServletResponse;)V (111 bytes) @ 0x000001fa3f3ad1b4 [0x000001fa3f3acd60+0x0000000000000454]
j  org.springframework.security.web.access.intercept.AuthorizationFilter.doFilter(Ljakarta/servlet/ServletRequest;Ljakarta/servlet/ServletResponse;Ljakarta/servlet/FilterChain;)V+143
J 13802 c1 org.springframework.security.web.FilterChainProxy$VirtualFilterChain.doFilter(Ljakarta/servlet/ServletRequest;Ljakarta/servlet/ServletResponse;)V (111 bytes) @ 0x000001fa3f3ad17c [0x000001fa3f3acd60+0x000000000000041c]
j  org.springframework.security.web.access.ExceptionTranslationFilter.doFilter(Ljakarta/servlet/http/HttpServletRequest;Ljakarta/servlet/http/HttpServletResponse;Ljakarta/servlet/FilterChain;)V+3
j  org.springframework.security.web.access.ExceptionTranslationFilter.doFilter(Ljakarta/servlet/ServletRequest;Ljakarta/servlet/ServletResponse;Ljakarta/servlet/FilterChain;)V+10
J 13802 c1 org.springframework.security.web.FilterChainProxy$VirtualFilterChain.doFilter(Ljakarta/servlet/ServletRequest;Ljakarta/servlet/ServletResponse;)V (111 bytes) @ 0x000001fa3f3ad17c [0x000001fa3f3acd60+0x000000000000041c]
j  org.springframework.security.web.authentication.AnonymousAuthenticationFilter.doFilter(Ljakarta/servlet/ServletRequest;Ljakarta/servlet/ServletResponse;Ljakarta/servlet/FilterChain;)V+33
J 13802 c1 org.springframework.security.web.FilterChainProxy$VirtualFilterChain.doFilter(Ljakarta/servlet/ServletRequest;Ljakarta/servlet/ServletResponse;)V (111 bytes) @ 0x000001fa3f3ad17c [0x000001fa3f3acd60+0x000000000000041c]
j  org.springframework.security.web.servletapi.SecurityContextHolderAwareRequestFilter.doFilter(Ljakarta/servlet/ServletRequest;Ljakarta/servlet/ServletResponse;Ljakarta/servlet/FilterChain;)V+19
J 13802 c1 org.springframework.security.web.FilterChainProxy$VirtualFilterChain.doFilter(Ljakarta/servlet/ServletRequest;Ljakarta/servlet/ServletResponse;)V (111 bytes) @ 0x000001fa3f3ad17c [0x000001fa3f3acd60+0x000000000000041c]
j  org.springframework.security.web.savedrequest.RequestCacheAwareFilter.doFilter(Ljakarta/servlet/ServletRequest;Ljakarta/servlet/ServletResponse;Ljakarta/servlet/FilterChain;)V+32
J 13802 c1 org.springframework.security.web.FilterChainProxy$VirtualFilterChain.doFilter(Ljakarta/servlet/ServletRequest;Ljakarta/servlet/ServletResponse;)V (111 bytes) @ 0x000001fa3f3ad17c [0x000001fa3f3acd60+0x000000000000041c]
j  org.springframework.security.oauth2.server.resource.web.authentication.BearerTokenAuthenticationFilter.doFilterInternal(Ljakarta/servlet/http/HttpServletRequest;Ljakarta/servlet/http/HttpServletResponse;Ljakarta/servlet/FilterChain;)V+193
J 14273 c1 org.springframework.web.filter.OncePerRequestFilter.doFilter(Ljakarta/servlet/ServletRequest;Ljakarta/servlet/ServletResponse;Ljakarta/servlet/FilterChain;)V (178 bytes) @ 0x000001fa406a104c [0x000001fa406a0960+0x00000000000006ec]
J 13802 c1 org.springframework.security.web.FilterChainProxy$VirtualFilterChain.doFilter(Ljakarta/servlet/ServletRequest;Ljakarta/servlet/ServletResponse;)V (111 bytes) @ 0x000001fa3f3ad17c [0x000001fa3f3acd60+0x000000000000041c]
j  org.springframework.security.web.authentication.logout.LogoutFilter.doFilter(Ljakarta/servlet/http/HttpServletRequest;Ljakarta/servlet/http/HttpServletResponse;Ljakarta/servlet/FilterChain;)V+83
j  org.springframework.security.web.authentication.logout.LogoutFilter.doFilter(Ljakarta/servlet/ServletRequest;Ljakarta/servlet/ServletResponse;Ljakarta/servlet/FilterChain;)V+10
J 13802 c1 org.springframework.security.web.FilterChainProxy$VirtualFilterChain.doFilter(Ljakarta/servlet/ServletRequest;Ljakarta/servlet/ServletResponse;)V (111 bytes) @ 0x000001fa3f3ad17c [0x000001fa3f3acd60+0x000000000000041c]
j  org.springframework.web.filter.CorsFilter.doFilterInternal(Ljakarta/servlet/http/HttpServletRequest;Ljakarta/servlet/http/HttpServletResponse;Ljakarta/servlet/FilterChain;)V+43
J 14273 c1 org.springframework.web.filter.OncePerRequestFilter.doFilter(Ljakarta/servlet/ServletRequest;Ljakarta/servlet/ServletResponse;Ljakarta/servlet/FilterChain;)V (178 bytes) @ 0x000001fa406a104c [0x000001fa406a0960+0x00000000000006ec]
J 13802 c1 org.springframework.security.web.FilterChainProxy$VirtualFilterChain.doFilter(Ljakarta/servlet/ServletRequest;Ljakarta/servlet/ServletResponse;)V (111 bytes) @ 0x000001fa3f3ad17c [0x000001fa3f3acd60+0x000000000000041c]
j  org.springframework.security.web.header.HeaderWriterFilter.doHeadersAfter(Ljakarta/servlet/http/HttpServletRequest;Ljakarta/servlet/http/HttpServletResponse;Ljakarta/servlet/FilterChain;)V+29
j  org.springframework.security.web.header.HeaderWriterFilter.doFilterInternal(Ljakarta/servlet/http/HttpServletRequest;Ljakarta/servlet/http/HttpServletResponse;Ljakarta/servlet/FilterChain;)V+21
J 14273 c1 org.springframework.web.filter.OncePerRequestFilter.doFilter(Ljakarta/servlet/ServletRequest;Ljakarta/servlet/ServletResponse;Ljakarta/servlet/FilterChain;)V (178 bytes) @ 0x000001fa406a104c [0x000001fa406a0960+0x00000000000006ec]
J 13802 c1 org.springframework.security.web.FilterChainProxy$VirtualFilterChain.doFilter(Ljakarta/servlet/ServletRequest;Ljakarta/servlet/ServletResponse;)V (111 bytes) @ 0x000001fa3f3ad17c [0x000001fa3f3acd60+0x000000000000041c]
j  org.springframework.security.web.context.SecurityContextHolderFilter.doFilter(Ljakarta/servlet/http/HttpServletRequest;Ljakarta/servlet/http/HttpServletResponse;Ljakarta/servlet/FilterChain;)V+59
j  org.springframework.security.web.context.SecurityContextHolderFilter.doFilter(Ljakarta/servlet/ServletRequest;Ljakarta/servlet/ServletResponse;Ljakarta/servlet/FilterChain;)V+10
J 13802 c1 org.springframework.security.web.FilterChainProxy$VirtualFilterChain.doFilter(Ljakarta/servlet/ServletRequest;Ljakarta/servlet/ServletResponse;)V (111 bytes) @ 0x000001fa3f3ad17c [0x000001fa3f3acd60+0x000000000000041c]
j  org.springframework.security.web.context.request.async.WebAsyncManagerIntegrationFilter.doFilterInternal(Ljakarta/servlet/http/HttpServletRequest;Ljakarta/servlet/http/HttpServletResponse;Ljakarta/servlet/FilterChain;)V+55
J 14273 c1 org.springframework.web.filter.OncePerRequestFilter.doFilter(Ljakarta/servlet/ServletRequest;Ljakarta/servlet/ServletResponse;Ljakarta/servlet/FilterChain;)V (178 bytes) @ 0x000001fa406a104c [0x000001fa406a0960+0x00000000000006ec]
J 13802 c1 org.springframework.security.web.FilterChainProxy$VirtualFilterChain.doFilter(Ljakarta/servlet/ServletRequest;Ljakarta/servlet/ServletResponse;)V (111 bytes) @ 0x000001fa3f3ad17c [0x000001fa3f3acd60+0x000000000000041c]
j  org.springframework.security.web.session.DisableEncodeUrlFilter.doFilterInternal(Ljakarta/servlet/http/HttpServletRequest;Ljakarta/servlet/http/HttpServletResponse;Ljakarta/servlet/FilterChain;)V+10
J 14273 c1 org.springframework.web.filter.OncePerRequestFilter.doFilter(Ljakarta/servlet/ServletRequest;Ljakarta/servlet/ServletResponse;Ljakarta/servlet/FilterChain;)V (178 bytes) @ 0x000001fa406a104c [0x000001fa406a0960+0x00000000000006ec]
J 13802 c1 org.springframework.security.web.FilterChainProxy$VirtualFilterChain.doFilter(Ljakarta/servlet/ServletRequest;Ljakarta/servlet/ServletResponse;)V (111 bytes) @ 0x000001fa3f3ad17c [0x000001fa3f3acd60+0x000000000000041c]
j  org.springframework.security.web.FilterChainProxy.doFilterInternal(Ljakarta/servlet/ServletRequest;Ljakarta/servlet/ServletResponse;Ljakarta/servlet/FilterChain;)V+163
j  org.springframework.security.web.FilterChainProxy.doFilter(Ljakarta/servlet/ServletRequest;Ljakarta/servlet/ServletResponse;Ljakarta/servlet/FilterChain;)V+48
J 16038 c1 org.springframework.web.filter.CompositeFilter$VirtualFilterChain.doFilter(Ljakarta/servlet/ServletRequest;Ljakarta/servlet/ServletResponse;)V (69 bytes) @ 0x000001fa407b78d4 [0x000001fa407b7760+0x0000000000000174]
j  org.springframework.web.servlet.handler.HandlerMappingIntrospector.lambda$createCacheFilter$3(Ljakarta/servlet/ServletRequest;Ljakarta/servlet/ServletResponse;Ljakarta/servlet/FilterChain;)V+13
j  org.springframework.web.servlet.handler.HandlerMappingIntrospector$$Lambda+0x000001fa4cb2da40.doFilter(Ljakarta/servlet/ServletRequest;Ljakarta/servlet/ServletResponse;Ljakarta/servlet/FilterChain;)V+7
J 16038 c1 org.springframework.web.filter.CompositeFilter$VirtualFilterChain.doFilter(Ljakarta/servlet/ServletRequest;Ljakarta/servlet/ServletResponse;)V (69 bytes) @ 0x000001fa407b78d4 [0x000001fa407b7760+0x0000000000000174]
j  org.springframework.web.filter.CompositeFilter.doFilter(Ljakarta/servlet/ServletRequest;Ljakarta/servlet/ServletResponse;Ljakarta/servlet/FilterChain;)V+14
j  org.springframework.security.config.annotation.web.configuration.WebMvcSecurityConfiguration$CompositeFilterChainProxy.doFilter(Ljakarta/servlet/ServletRequest;Ljakarta/servlet/ServletResponse;Ljakarta/servlet/FilterChain;)V+7
j  org.springframework.web.filter.DelegatingFilterProxy.invokeDelegate(Ljakarta/servlet/Filter;Ljakarta/servlet/ServletRequest;Ljakarta/servlet/ServletResponse;Ljakarta/servlet/FilterChain;)V+5
j  org.springframework.web.filter.DelegatingFilterProxy.doFilter(Ljakarta/servlet/ServletRequest;Ljakarta/servlet/ServletResponse;Ljakarta/servlet/FilterChain;)V+85
J 14731 c1 org.apache.catalina.core.ApplicationFilterChain.internalDoFilter(Ljakarta/servlet/ServletRequest;Ljakarta/servlet/ServletResponse;)V (386 bytes) @ 0x000001fa3f4a28dc [0x000001fa3f4a1f80+0x000000000000095c]
J 14730 c1 org.apache.catalina.core.ApplicationFilterChain.doFilter(Ljakarta/servlet/ServletRequest;Ljakarta/servlet/ServletResponse;)V (103 bytes) @ 0x000001fa3f4a45e4 [0x000001fa3f4a45a0+0x0000000000000044]
j  org.springframework.web.filter.RequestContextFilter.doFilterInternal(Ljakarta/servlet/http/HttpServletRequest;Ljakarta/servlet/http/HttpServletResponse;Ljakarta/servlet/FilterChain;)V+21
J 14273 c1 org.springframework.web.filter.OncePerRequestFilter.doFilter(Ljakarta/servlet/ServletRequest;Ljakarta/servlet/ServletResponse;Ljakarta/servlet/FilterChain;)V (178 bytes) @ 0x000001fa406a104c [0x000001fa406a0960+0x00000000000006ec]
J 14731 c1 org.apache.catalina.core.ApplicationFilterChain.internalDoFilter(Ljakarta/servlet/ServletRequest;Ljakarta/servlet/ServletResponse;)V (386 bytes) @ 0x000001fa3f4a28dc [0x000001fa3f4a1f80+0x000000000000095c]
J 14730 c1 org.apache.catalina.core.ApplicationFilterChain.doFilter(Ljakarta/servlet/ServletRequest;Ljakarta/servlet/ServletResponse;)V (103 bytes) @ 0x000001fa3f4a45e4 [0x000001fa3f4a45a0+0x0000000000000044]
j  org.springframework.web.filter.FormContentFilter.doFilterInternal(Ljakarta/servlet/http/HttpServletRequest;Ljakarta/servlet/http/HttpServletResponse;Ljakarta/servlet/FilterChain;)V+38
J 14273 c1 org.springframework.web.filter.OncePerRequestFilter.doFilter(Ljakarta/servlet/ServletRequest;Ljakarta/servlet/ServletResponse;Ljakarta/servlet/FilterChain;)V (178 bytes) @ 0x000001fa406a104c [0x000001fa406a0960+0x00000000000006ec]
J 14731 c1 org.apache.catalina.core.ApplicationFilterChain.internalDoFilter(Ljakarta/servlet/ServletRequest;Ljakarta/servlet/ServletResponse;)V (386 bytes) @ 0x000001fa3f4a28dc [0x000001fa3f4a1f80+0x000000000000095c]
J 14730 c1 org.apache.catalina.core.ApplicationFilterChain.doFilter(Ljakarta/servlet/ServletRequest;Ljakarta/servlet/ServletResponse;)V (103 bytes) @ 0x000001fa3f4a45e4 [0x000001fa3f4a45a0+0x0000000000000044]
j  org.springframework.web.filter.CharacterEncodingFilter.doFilterInternal(Ljakarta/servlet/http/HttpServletRequest;Ljakarta/servlet/http/HttpServletResponse;Ljakarta/servlet/FilterChain;)V+53
J 14273 c1 org.springframework.web.filter.OncePerRequestFilter.doFilter(Ljakarta/servlet/ServletRequest;Ljakarta/servlet/ServletResponse;Ljakarta/servlet/FilterChain;)V (178 bytes) @ 0x000001fa406a104c [0x000001fa406a0960+0x00000000000006ec]
J 14731 c1 org.apache.catalina.core.ApplicationFilterChain.internalDoFilter(Ljakarta/servlet/ServletRequest;Ljakarta/servlet/ServletResponse;)V (386 bytes) @ 0x000001fa3f4a28dc [0x000001fa3f4a1f80+0x000000000000095c]
J 14730 c1 org.apache.catalina.core.ApplicationFilterChain.doFilter(Ljakarta/servlet/ServletRequest;Ljakarta/servlet/ServletResponse;)V (103 bytes) @ 0x000001fa3f4a45e4 [0x000001fa3f4a45a0+0x0000000000000044]
j  org.apache.catalina.core.StandardWrapperValve.invoke(Lorg/apache/catalina/connector/Request;Lorg/apache/catalina/connector/Response;)V+514
j  org.apache.catalina.core.StandardContextValve.invoke(Lorg/apache/catalina/connector/Request;Lorg/apache/catalina/connector/Response;)V+169
j  org.apache.catalina.authenticator.AuthenticatorBase.invoke(Lorg/apache/catalina/connector/Request;Lorg/apache/catalina/connector/Response;)V+221
j  org.apache.catalina.core.StandardHostValve.invoke(Lorg/apache/catalina/connector/Request;Lorg/apache/catalina/connector/Response;)V+131
j  org.apache.catalina.valves.ErrorReportValve.invoke(Lorg/apache/catalina/connector/Request;Lorg/apache/catalina/connector/Response;)V+6
j  org.apache.catalina.core.StandardEngineValve.invoke(Lorg/apache/catalina/connector/Request;Lorg/apache/catalina/connector/Response;)V+59
j  org.apache.catalina.connector.CoyoteAdapter.service(Lorg/apache/coyote/Request;Lorg/apache/coyote/Response;)V+188
j  org.apache.coyote.http11.Http11Processor.service(Lorg/apache/tomcat/util/net/SocketWrapperBase;)Lorg/apache/tomcat/util/net/AbstractEndpoint$Handler$SocketState;+796
j  org.apache.coyote.AbstractProcessorLight.process(Lorg/apache/tomcat/util/net/SocketWrapperBase;Lorg/apache/tomcat/util/net/SocketEvent;)Lorg/apache/tomcat/util/net/AbstractEndpoint$Handler$SocketState;+155
j  org.apache.coyote.AbstractProtocol$ConnectionHandler.process(Lorg/apache/tomcat/util/net/SocketWrapperBase;Lorg/apache/tomcat/util/net/SocketEvent;)Lorg/apache/tomcat/util/net/AbstractEndpoint$Handler$SocketState;+482
j  org.apache.tomcat.util.net.NioEndpoint$SocketProcessor.doRun()V+249
j  org.apache.tomcat.util.net.SocketProcessorBase.run()V+32
j  org.apache.tomcat.util.threads.ThreadPoolExecutor.runWorker(Lorg/apache/tomcat/util/threads/ThreadPoolExecutor$Worker;)V+92
j  org.apache.tomcat.util.threads.ThreadPoolExecutor$Worker.run()V+5
j  org.apache.tomcat.util.threads.TaskThread$WrappingRunnable.run()V+4
j  java.lang.Thread.runWith(Ljava/lang/Object;Ljava/lang/Runnable;)V+5 java.base@22.0.1
j  java.lang.Thread.run()V+19 java.base@22.0.1
v  ~StubRoutines::call_stub 0x000001fa3f25100d
--------------------------------------------------------------------------------
Decoding CodeBlob, name: new_type_array Runtime1 stub, at  [0x000001fa3f355f00, 0x000001fa3f356110]  528 bytes
[MachCode]
  0x000001fa3f355f00: 5548 8bec | 4881 ec80 | 0000 0048 | 8944 2478 | 4889 4c24 | 7048 8954 | 2468 4889 | 5c24 6048 
  0x000001fa3f355f20: 896c 2450 | 4889 7424 | 4848 897c | 2440 4c89 | 4424 384c | 894c 2430 | 4c89 5424 | 284c 895c 
  0x000001fa3f355f40: 2420 4c89 | 6424 184c | 896c 2410 | 4c89 7424 | 084c 893c | 2448 81ec | 1004 0000 | c5fb 1144 
  0x000001fa3f355f60: 2428 c5fb | 114c 2430 | c5fb 1154 | 2438 c5fb | 115c 2440 | c5fb 1164 | 2448 c5fb | 116c 2450 
  0x000001fa3f355f80: c5fb 1174 | 2458 c5fb | 117c 2460 | c57b 1144 | 2468 c57b | 114c 2470 | c57b 1154 | 2478 c57b 
  0x000001fa3f355fa0: 119c 2480 | 0000 00c5 | 7b11 a424 | 8800 0000 | c57b 11ac | 2490 0000 | 00c5 7b11 | b424 9800 
  0x000001fa3f355fc0: 0000 c57b | 11bc 24a0 | 0000 0048 | 8bd2 4c8b | c349 8bcf | c5f8 7749 | 89af b003 | 0000 4989 
  0x000001fa3f355fe0: a7a0 0300 | 0048 b820 | 5637 21fd | 7f00 00ff | d049 c787 | a003 0000 | 0000 0000 | 49c7 87b0 
  0x000001fa3f356000: 0300 0000 | 0000 0049 | c787 a803 | 0000 0000 | 0000 c5f8 | 7749 837f | 0800 0f84 | 1400 0000 
  0x000001fa3f356020: 498b 4708 | 49c7 87f8 | 0300 0000 | 0000 00e9 | 4cdf ffff | 498b 87f8 | 0300 0049 | c787 f803 
  0x000001fa3f356040: 0000 0000 | 0000 c5fb | 1044 2428 | c5fb 104c | 2430 c5fb | 1054 2438 | c5fb 105c | 2440 c5fb 
  0x000001fa3f356060: 1064 2448 | c5fb 106c | 2450 c5fb | 1074 2458 | c5fb 107c | 2460 c57b | 1044 2468 | c57b 104c 
  0x000001fa3f356080: 2470 c57b | 1054 2478 | c57b 109c | 2480 0000 | 00c5 7b10 | a424 8800 | 0000 c57b | 10ac 2490 
  0x000001fa3f3560a0: 0000 00c5 | 7b10 b424 | 9800 0000 | c57b 10bc | 24a0 0000 | 0048 81c4 | 1004 0000 | 4c8b 3c24 
  0x000001fa3f3560c0: 4c8b 7424 | 084c 8b6c | 2410 4c8b | 6424 184c | 8b5c 2420 | 4c8b 5424 | 284c 8b4c | 2430 4c8b 
  0x000001fa3f3560e0: 4424 3848 | 8b7c 2440 | 488b 7424 | 4848 8b6c | 2450 488b | 5c24 6048 | 8b54 2468 | 488b 4c24 
  0x000001fa3f356100: 7048 81c4 | 8000 0000 | c9c3 660f | 1f44 0000 
[/MachCode]
--------------------------------------------------------------------------------


Compiled method (c1) 441176 5285   !   1       com.mysql.cj.protocol.a.SimplePacketReader::readMessageLocal (145 bytes)
 total in heap  [0x000001fa400a1a90,0x000001fa400a3410] = 6528
 relocation     [0x000001fa400a1be8,0x000001fa400a1d28] = 320
 main code      [0x000001fa400a1d40,0x000001fa400a28c0] = 2944
 stub code      [0x000001fa400a28c0,0x000001fa400a2978] = 184
 oops           [0x000001fa400a2978,0x000001fa400a2990] = 24
 metadata       [0x000001fa400a2990,0x000001fa400a2a10] = 128
 scopes data    [0x000001fa400a2a10,0x000001fa400a2c98] = 648
 scopes pcs     [0x000001fa400a2c98,0x000001fa400a2f68] = 720
 dependencies   [0x000001fa400a2f68,0x000001fa400a2f88] = 32
 handler table  [0x000001fa400a2f88,0x000001fa400a3390] = 1032
 nul chk table  [0x000001fa400a3390,0x000001fa400a3410] = 128

[Constant Pool (empty)]

[MachCode]
[Entry Point]
  # {method} {0x000001fa8e534198} 'readMessageLocal' '(Ljava/util/Optional;Lcom/mysql/cj/protocol/a/NativePacketHeader;)Lcom/mysql/cj/protocol/a/NativePacketPayload;' in 'com/mysql/cj/protocol/a/SimplePacketReader'
  # this:     rdx:rdx   = 'com/mysql/cj/protocol/a/SimplePacketReader'
  # parm0:    r8:r8     = 'java/util/Optional'
  # parm1:    r9:r9     = 'com/mysql/cj/protocol/a/NativePacketHeader'
  #           [sp+0x100]  (sp of caller)
  0x000001fa400a1d40: 448b 5208 | 49bb 0000 | 004b fa01 | 0000 4d03 | d34c 3bd0 

  0x000001fa400a1d54: ;   {runtime_call ic_miss_stub}
  0x000001fa400a1d54: 0f85 26ca | 1fff 660f | 1f44 0000 
[Verified Entry Point]
  0x000001fa400a1d60: 8984 2400 | 80ff ff55 | 4881 ecf0 | 0000 0090 | 4181 7f20 | 1a00 0000 

  0x000001fa400a1d78: ;   {runtime_call StubRoutines (final stubs)}
  0x000001fa400a1d78: 7405 e861 | 2f1e ff48 | 8994 2498 | 0000 004c | 8984 2490 | 0000 0049 | 3b01 498b 

  0x000001fa400a1d94: ;   {optimized virtual_call}
  0x000001fa400a1d94: d166 90e8 

  0x000001fa400a1d98: ; ImmutableOopMap {[144]=Oop [152]=Oop }
                      ;*invokevirtual getMessageSize {reexecute=0 rethrow=0 return_oop=0}
                      ; - com.mysql.cj.protocol.a.SimplePacketReader::readMessageLocal@1 (line 117)
  0x000001fa400a1d98: a42e ffff 

  0x000001fa400a1d9c: ;   {other}
  0x000001fa400a1d9c: 0f1f 8400 | 0c03 0000 | 8984 24a8 | 0000 004c | 8b84 2490 | 0000 0041 | 8b58 0c48 | c1e3 0348 
  0x000001fa400a1dbc: 85db ba00 | 0000 0074 | 05ba 0100 | 0000 83e2 | 0185 d20f | 8439 0100 | 0048 85db | 0f84 bf07 
  0x000001fa400a1ddc: 0000 4885 | db0f 8429 

  0x000001fa400a1de4: ;   {metadata('com/mysql/cj/protocol/a/NativePacketPayload')}
  0x000001fa400a1de4: 0000 0048 | bef8 ef62 | 4cfa 0100 | 0044 8b4b | 0849 ba00 | 0000 4bfa | 0100 004d | 03ca 493b 
  0x000001fa400a1e04: f10f 85d8 | 0800 00e9 | 0000 0000 | 4c8b cb41 | c741 1000 | 0000 0041 | 8b59 1448 | c1e3 038b 
  0x000001fa400a1e24: 5b0c 3bd8 | 0f8c 0800 | 0000 4c8b | d8e9 bb00 | 0000 488b 

  0x000001fa400a1e38: ;   {metadata({type array byte})}
  0x000001fa400a1e38: d848 bac0 | 2200 4bfa | 0100 004c | 8bd8 4863 | db48 8bfb | 4881 fbff | ffff 000f | 879d 0800 
  0x000001fa400a1e58: 0048 c7c6 | 1700 0000 | 488d 341e | 4883 e6f8 | 498b 87b8 | 0100 0048 | 8d34 3049 | 3bb7 c801 
  0x000001fa400a1e78: 0000 0f87 | 7608 0000 | 4989 b7b8 | 0100 0048 | 2bf0 48c7 | 0001 0000 | 0048 8bca | 49ba 0000 
  0x000001fa400a1e98: 004b fa01 | 0000 492b | ca89 4808 | 8958 0c48 | 83ee 1048 | 85f6 0f84 | 1100 0000 | 4833 db48 
  0x000001fa400a1eb8: c1ee 0348 | 895c f008 | 48ff ce75 | f641 0fbe | 5738 85d2 | 0f85 2e08 | 0000 4c8b | d049 c1ea 
  0x000001fa400a1ed8: 0345 8951 | 1449 8bd1 | 4833 d048 | c1ea 1548 | 83fa 000f | 852f 0800 | 0041 8b51 | 1448 c1e2 
  0x000001fa400a1ef8: 038b 520c | 443b da0f | 8f0f 0600 | 0045 8959 | 0ce9 0e01 | 0000 4c8b 

  0x000001fa400a1f10: ;   {metadata('com/mysql/cj/protocol/a/NativePacketPayload')}
  0x000001fa400a1f10: d848 baf8 | ef62 4cfa | 0100 0049 | 8b87 b801 | 0000 488d | 7820 493b | bfc8 0100 | 000f 870a 
  0x000001fa400a1f30: 0800 0049 | 89bf b801 | 0000 48c7 | 0001 0000 | 0048 8bca | 49ba 0000 | 004b fa01 | 0000 492b 
  0x000001fa400a1f50: ca89 4808 | 4833 c989 | 480c 4833 | c948 8948 | 1048 8948 | 1849 8bdb 

  0x000001fa400a1f68: ;   {metadata({type array byte})}
  0x000001fa400a1f68: 48ba c022 | 004b fa01 | 0000 4c8b | c848 63db | 488b fb48 | 81fb ffff | ff00 0f87 | c207 0000 
  0x000001fa400a1f88: 48c7 c617 | 0000 0048 | 8d34 1e48 | 83e6 f849 | 8b87 b801 | 0000 488d | 3430 493b | b7c8 0100 
  0x000001fa400a1fa8: 000f 879b | 0700 0049 | 89b7 b801 | 0000 482b | f048 c700 | 0100 0000 | 488b ca49 | ba00 0000 
  0x000001fa400a1fc8: 4bfa 0100 | 0049 2bca | 8948 0889 | 580c 4883 | ee10 4885 | f60f 8411 | 0000 0048 | 33db 48c1 
  0x000001fa400a1fe8: ee03 4889 | 5cf0 0848 | ffce 75f6 | 4c8b c049 | 8bd1 4c89 | 8c24 a000 | 0000 0f1f 

  0x000001fa400a2004: ;   {optimized virtual_call}
  0x000001fa400a2004: 4400 00e8 

  0x000001fa400a2008: ; ImmutableOopMap {[152]=Oop [160]=Oop }
                      ;*invokespecial <init> {reexecute=0 rethrow=0 return_oop=0}
                      ; - com.mysql.cj.protocol.a.SimplePacketReader::readMessageLocal@61 (line 133)
  0x000001fa400a2008: 34c4 ffff 

  0x000001fa400a200c: ;   {other}
  0x000001fa400a200c: 0f1f 8400 | 7c05 0001 | 4c8b 8c24 | a000 0000 | 488b 9424 | 9800 0000 | 448b 4210 | 49c1 e003 
  0x000001fa400a202c: 4d85 c00f | 842a 0000 

  0x000001fa400a2034: ;   {metadata('com/mysql/cj/protocol/AbstractSocketConnection')}
  0x000001fa400a2034: 0048 b810 | 1e62 4cfa | 0100 0041 | 8b58 0849 | ba00 0000 | 4bfa 0100 | 0049 03da | 483b 4338 
  0x000001fa400a2054: 0f85 fa06 | 0000 e900 | 0000 0049 | 8bf8 418b | 701c 48c1 | e603 4885 | f60f 84e1 | 0300 0045 
  0x000001fa400a2074: 8b41 1449 | c1e0 0348 | 3b06 4c89 | 8c24 b000 | 0000 41b9 | 0000 0000 | 8bbc 24a8 | 0000 0048 
  0x000001fa400a2094: ;   {optimized virtual_call}
  0x000001fa400a2094: 8bd6 90e8 

  0x000001fa400a2098: ; ImmutableOopMap {[152]=Oop [176]=Oop }
                      ;*invokevirtual readFully {reexecute=0 rethrow=0 return_oop=0}
                      ; - com.mysql.cj.protocol.a.SimplePacketReader::readMessageLocal@82 (line 137)
  0x000001fa400a2098: 045e ffff 

  0x000001fa400a209c: ;   {other}
  0x000001fa400a209c: 0f1f 8400 | 0c06 0002 | 4c8b c044 | 3b84 24a8 | 0000 000f | 8429 0200 | 008b 8424 | a800 0000 
  0x000001fa400a20bc: ;   {metadata('java/io/IOException')}
  0x000001fa400a20bc: 48ba 283e | 044c fa01 | 0000 4c8b | c849 8b87 | b801 0000 | 488d 7828 | 493b bfc8 | 0100 000f 
  0x000001fa400a20dc: 8787 0600 | 0049 89bf | b801 0000 | 48c7 0001 | 0000 0048 | 8bca 49ba | 0000 004b | fa01 0000 
  0x000001fa400a20fc: 492b ca89 | 4808 4833 | c989 480c | 4833 c948 | 8948 1048 | 8948 1848 | 8948 20bb | 0200 0000 
  0x000001fa400a211c: ;   {metadata('java/lang/Object'[])}
  0x000001fa400a211c: 48ba 5812 | 004b fa01 | 0000 4889 | 8424 b800 | 0000 4863 | db48 8bfb | 4881 fbff | ffff 000f 
  0x000001fa400a213c: 8734 0600 | 0048 c7c6 | 1700 0000 | 488d 349e | 4883 e6f8 | 498b 87b8 | 0100 0048 | 8d34 3049 
  0x000001fa400a215c: 3bb7 c801 | 0000 0f87 | 0d06 0000 | 4989 b7b8 | 0100 0048 | 2bf0 48c7 | 0001 0000 | 0048 8bca 
  0x000001fa400a217c: 49ba 0000 | 004b fa01 | 0000 492b | ca89 4808 | 8958 0c48 | 83ee 1048 | 85f6 0f84 | 1100 0000 
  0x000001fa400a219c: 4833 db48 | c1ee 0348 | 895c f008 | 48ff ce75 | f648 8bd8 | 4183 f980 | 0f8c 0a00 | 0000 4183 
  0x000001fa400a21bc: f97f 0f8e | 5500 0000 

  0x000001fa400a21c4: ;   {metadata('java/lang/Integer')}
  0x000001fa400a21c4: 48ba 68fe | 014b fa01 | 0000 498b | 87b8 0100 | 0048 8d78 | 1049 3bbf | c801 0000 | 0f87 9905 
  0x000001fa400a21e4: 0000 4989 | bfb8 0100 | 0048 c700 | 0100 0000 | 488b ca49 | ba00 0000 | 4bfa 0100 | 0049 2bca 
  0x000001fa400a2204: 8948 0848 | 33c9 8948 | 0c48 33c9 | 4489 480c | e91d 0000 | 0049 8bc1 | 0580 0000 

  0x000001fa400a2220: ;   {oop(a 'java/lang/Integer'[256] {0x00000007066bf448})}
  0x000001fa400a2220: 0048 ba48 | f46b 0607 | 0000 0048 | 63c0 8b44 | 8210 48c1 | e003 4885 | c00f 8457 | 0000 008b 
  0x000001fa400a2240: 5308 49ba | 0000 004b | fa01 0000 | 4903 d28b | 7008 49ba | 0000 004b | fa01 0000 | 4903 f248 
  0x000001fa400a2260: 8b92 d000 | 0000 483b | f20f 8427 | 0000 008b | 7a14 483b | 143e 0f84 | 1a00 0000 | 83ff 200f 
  0x000001fa400a2280: 8511 0500 

  0x000001fa400a2284: ;   {runtime_call slow_subtype_check Runtime1 stub}
  0x000001fa400a2284: 0056 52e8 | 7457 2bff | 5e5a 85d2 | 0f84 0005 | 0000 488d | 5310 410f | be77 3885 | f60f 85f8 
  0x000001fa400a22a4: 0400 004c | 8bd0 49c1 | ea03 4489 | 1248 8bf2 | 4833 f048 | c1ee 1548 | 83fe 000f | 85f8 0400 
  0x000001fa400a22c4: 0041 83f8 | 800f 8c2d | 0000 0041 | 83f8 7f0f | 8f23 0000 | 00e9 7300 | 0000 488b | 8424 b000 
  0x000001fa400a22e4: 0000 4881 | c4f0 0000 

  0x000001fa400a22ec: ;   {poll_return}
  0x000001fa400a22ec: 005d 493b | a758 0400 | 000f 87da | 0400 00c3 

  0x000001fa400a22fc: ;   {metadata('java/lang/Integer')}
  0x000001fa400a22fc: 48ba 68fe | 014b fa01 | 0000 498b | 87b8 0100 | 0048 8d78 | 1049 3bbf | c801 0000 | 0f87 cd04 
  0x000001fa400a231c: 0000 4989 | bfb8 0100 | 0048 c700 | 0100 0000 | 488b ca49 | ba00 0000 | 4bfa 0100 | 0049 2bca 
  0x000001fa400a233c: 8948 0848 | 33c9 8948 | 0c48 33c9 | 4489 400c | e920 0000 | 0041 81c0 | 8000 0000 

  0x000001fa400a2358: ;   {oop(a 'java/lang/Integer'[256] {0x00000007066bf448})}
  0x000001fa400a2358: 48ba 48f4 | 6b06 0700 | 0000 4d63 | c042 8b54 | 8210 48c1 | e203 488b | c248 85c0 | 0f84 5a00 
  0x000001fa400a2378: 0000 8b53 | 0849 ba00 | 0000 4bfa | 0100 0049 | 03d2 448b | 4008 49ba | 0000 004b | fa01 0000 
  0x000001fa400a2398: 4d03 c248 | 8b92 d000 | 0000 4c3b | c20f 8429 | 0000 008b | 7a14 493b | 1438 0f84 | 1c00 0000 
  0x000001fa400a23b8: 83ff 200f | 8541 0400 | 0041 5052 

  0x000001fa400a23c4: ;   {runtime_call slow_subtype_check Runtime1 stub}
  0x000001fa400a23c4: e837 562b | ff41 585a | 85d2 0f84 | 2e04 0000 | 488d 5314 | 450f be47 | 3845 85c0 | 0f85 2504 
  0x000001fa400a23e4: 0000 4c8b | d049 c1ea | 0344 8912 | 4c8b c24c | 33c0 49c1 | e815 4983 | f800 0f85 | 2604 0000 
  0x000001fa400a2404: ;   {oop("PacketReader.1"{0x0000000707f25848})}
  0x000001fa400a2404: 48ba 4858 | f207 0700 | 0000 4c8b | c366 0f1f 

  0x000001fa400a2414: ;   {static_call}
  0x000001fa400a2414: 4400 00e8 

  0x000001fa400a2418: ; ImmutableOopMap {[152]=Oop [184]=Oop }
                      ;*invokestatic getString {reexecute=0 rethrow=0 return_oop=0}
                      ; - com.mysql.cj.protocol.a.SimplePacketReader::readMessageLocal@118 (line 139)
  0x000001fa400a2418: 64cc 1fff 

  0x000001fa400a241c: ;   {other}
  0x000001fa400a241c: 0f1f 8400 | 8c09 0003 | 4c8b c048 | 8b94 24b8 

  0x000001fa400a242c: ;   {optimized virtual_call}
  0x000001fa400a242c: 0000 00e8 

  0x000001fa400a2430: ; ImmutableOopMap {[152]=Oop [184]=Oop }
                      ;*invokespecial <init> {reexecute=0 rethrow=0 return_oop=0}
                      ; - com.mysql.cj.protocol.a.SimplePacketReader::readMessageLocal@121 (line 139)
  0x000001fa400a2430: 4cc6 1fff 

  0x000001fa400a2434: ;   {other}
  0x000001fa400a2434: 0f1f 8400 | a409 0004 | 488b 8424 

  0x000001fa400a2440: ; ImmutableOopMap {rax=Oop [152]=Oop }
                      ;*athrow {reexecute=1 rethrow=0 return_oop=0}
                      ; - (reexecute) com.mysql.cj.protocol.a.SimplePacketReader::readMessageLocal@124 (line 139)
  0x000001fa400a2440: b800 0000 

  0x000001fa400a2444: ;   {section_word}
  0x000001fa400a2444: 48ba 4424 | 0a40 fa01 

  0x000001fa400a244c: ;   {runtime_call handle_exception_nofpu Runtime1 stub}
  0x000001fa400a244c: 0000 e8ad | 432b ff90 | 4c89 8c24 | b000 0000 

  0x000001fa400a245c: ;   {metadata('java/io/IOException')}
  0x000001fa400a245c: 48ba 283e | 044c fa01 | 0000 498b | 87b8 0100 | 0048 8d78 | 2849 3bbf | c801 0000 | 0f87 c403 
  0x000001fa400a247c: 0000 4989 | bfb8 0100 | 0048 c700 | 0100 0000 | 488b ca49 | ba00 0000 | 4bfa 0100 | 0049 2bca 
  0x000001fa400a249c: 8948 0848 | 33c9 8948 | 0c48 33c9 | 4889 4810 | 4889 4818 | 4889 4820 

  0x000001fa400a24b4: ;   {oop("SocketConnection.1"{0x0000000707f25558})}
  0x000001fa400a24b4: 48ba 5855 | f207 0700 

  0x000001fa400a24bc: ;   {oop(a 'java/lang/Object'[0] {0x000000070713f6f8})}
  0x000001fa400a24bc: 0000 49b8 | f8f6 1307 | 0700 0000 | 4889 8424 | c000 0000 | 0f1f 8000 

  0x000001fa400a24d4: ;   {static_call}
  0x000001fa400a24d4: 0000 00e8 

  0x000001fa400a24d8: ; ImmutableOopMap {[152]=Oop [176]=Oop [192]=Oop }
                      ;*invokestatic getString {reexecute=0 rethrow=0 return_oop=0}
                      ; - com.mysql.cj.Messages::getString@4 (line 79)
                      ; - com.mysql.cj.protocol.AbstractSocketConnection::getMysqlInput@18 (line 77)
                      ; - com.mysql.cj.protocol.a.SimplePacketReader::readMessageLocal@70 (line 137)
  0x000001fa400a24d8: a4cb 1fff 

  0x000001fa400a24dc: ;   {other}
  0x000001fa400a24dc: 0f1f 8400 | 4c0a 0006 | 4c8b c048 | 8b94 24c0 

  0x000001fa400a24ec: ;   {optimized virtual_call}
  0x000001fa400a24ec: 0000 00e8 

  0x000001fa400a24f0: ; ImmutableOopMap {[152]=Oop [176]=Oop [192]=Oop }
                      ;*invokespecial <init> {reexecute=0 rethrow=0 return_oop=0}
                      ; - com.mysql.cj.protocol.AbstractSocketConnection::getMysqlInput@21 (line 77)
                      ; - com.mysql.cj.protocol.a.SimplePacketReader::readMessageLocal@70 (line 137)
  0x000001fa400a24f0: 8cc5 1fff 

  0x000001fa400a24f4: ;   {other}
  0x000001fa400a24f4: 0f1f 8400 | 640a 0007 | 488b 8424 

  0x000001fa400a2500: ; ImmutableOopMap {rax=Oop [152]=Oop [176]=Oop }
                      ;*athrow {reexecute=1 rethrow=0 return_oop=0}
                      ; - (reexecute) com.mysql.cj.protocol.AbstractSocketConnection::getMysqlInput@24 (line 77)
                      ; - com.mysql.cj.protocol.a.SimplePacketReader::readMessageLocal@70 (line 137)
  0x000001fa400a2500: c000 0000 

  0x000001fa400a2504: ;   {section_word}
  0x000001fa400a2504: 48ba 0425 | 0a40 fa01 

  0x000001fa400a250c: ;   {runtime_call handle_exception_nofpu Runtime1 stub}
  0x000001fa400a250c: 0000 e8ed | 422b ff90 | 4c89 8c24 | c800 0000 

  0x000001fa400a251c: ;   {oop("Buffer.0"{0x0000000707f25880})}
  0x000001fa400a251c: 48ba 8058 | f207 0700 

  0x000001fa400a2524: ;   {oop(a 'java/lang/Object'[0] {0x000000070713f6f8})}
  0x000001fa400a2524: 0000 49b8 | f8f6 1307 | 0700 0000 | 0f1f 8000 

  0x000001fa400a2534: ;   {static_call}
  0x000001fa400a2534: 0000 00e8 

  0x000001fa400a2538: ; ImmutableOopMap {[152]=Oop [200]=Oop }
                      ;*invokestatic getString {reexecute=0 rethrow=0 return_oop=0}
                      ; - com.mysql.cj.Messages::getString@4 (line 79)
                      ; - com.mysql.cj.protocol.a.NativePacketPayload::setPayloadLength@13 (line 177)
                      ; - com.mysql.cj.protocol.a.SimplePacketReader::readMessageLocal@48 (line 131)
  0x000001fa400a2538: 44cb 1fff 

  0x000001fa400a253c: ;   {other}
  0x000001fa400a253c: 0f1f 8400 | ac0a 0009 

  0x000001fa400a2544: ;   {oop(a 'java/lang/Class'{0x000000070713c8a0} = 'com/mysql/cj/exceptions/WrongArgumentException')}
  0x000001fa400a2544: 48ba a0c8 | 1307 0700 | 0000 4c8b | c066 0f1f 

  0x000001fa400a2554: ;   {static_call}
  0x000001fa400a2554: 4400 00e8 

  0x000001fa400a2558: ; ImmutableOopMap {[152]=Oop [200]=Oop }
                      ;*invokestatic createException {reexecute=0 rethrow=0 return_oop=0}
                      ; - com.mysql.cj.protocol.a.NativePacketPayload::setPayloadLength@16 (line 177)
                      ; - com.mysql.cj.protocol.a.SimplePacketReader::readMessageLocal@48 (line 131)
  0x000001fa400a2558: 24cb 1fff 

  0x000001fa400a255c: ;   {other}
  0x000001fa400a255c: 0f1f 8400 | cc0a 000a | 4885 c00f | 8428 0000 

  0x000001fa400a256c: ;   {metadata('com/mysql/cj/exceptions/WrongArgumentException')}
  0x000001fa400a256c: 0048 bf08 | 7260 4cfa | 0100 008b | 5008 49ba | 0000 004b | fa01 0000 | 4903 d248 | 3bfa 0f85 
  0x000001fa400a258c: bf02 0000 | e900 0000 | 0048 3b00 | e913 0300 

  0x000001fa400a259c: ;   {metadata('java/util/NoSuchElementException')}
  0x000001fa400a259c: 0048 ba48 | 730a 4cfa | 0100 0080 | ba20 0100 | 0005 0f85 | ae02 0000 | 498b 87b8 | 0100 0048 
  0x000001fa400a25bc: 8d78 2849 | 3bbf c801 | 0000 0f87 | 9602 0000 | 4989 bfb8 | 0100 0048 | c700 0100 | 0000 488b 
  0x000001fa400a25dc: ca49 ba00 | 0000 4bfa | 0100 0049 | 2bca 8948 | 0848 33c9 | 8948 0c48 | 33c9 4889 | 4810 4889 
  0x000001fa400a25fc: 4818 4889 

  0x000001fa400a2600: ;   {oop("No value present"{0x0000000707345ef8})}
  0x000001fa400a2600: 4820 49b8 | f85e 3407 | 0700 0000 | 488b d048 | 8984 24d0 

  0x000001fa400a2614: ;   {optimized virtual_call}
  0x000001fa400a2614: 0000 00e8 

  0x000001fa400a2618: ; ImmutableOopMap {[152]=Oop [208]=Oop }
                      ;*invokespecial <init> {reexecute=0 rethrow=0 return_oop=0}
                      ; - java.util.Optional::get@13 (line 143)
                      ; - com.mysql.cj.protocol.a.SimplePacketReader::readMessageLocal@13 (line 120)
  0x000001fa400a2618: 64c4 1fff 

  0x000001fa400a261c: ;   {other}
  0x000001fa400a261c: 0f1f 8400 | 8c0b 000b | 488b 8424 | d000 0000 | e97f 0200 | 0048 8b94 | 2498 0000 | 0049 8b87 
  0x000001fa400a263c: 0805 0000 | 4d33 d24d | 8997 0805 | 0000 4d33 | d24d 8997 | 1005 0000 | 8b52 1048 | c1e2 0348 
  0x000001fa400a265c: 85d2 0f84 | 2900 0000 

  0x000001fa400a2664: ;   {metadata('com/mysql/cj/protocol/AbstractSocketConnection')}
  0x000001fa400a2664: 48b9 101e | 624c fa01 | 0000 8b5a | 0849 ba00 | 0000 4bfa | 0100 0049 | 03da 483b | 4b38 0f85 
  0x000001fa400a2684: e701 0000 | e900 0000 | 0048 8bf2 

  0x000001fa400a2690: ; implicit exception: dispatches to 0x000001fa400a2874
  0x000001fa400a2690: 483b 0248 | 8984 24d8 | 0000 000f 

  0x000001fa400a269c: ;   {optimized virtual_call}
  0x000001fa400a269c: 1f40 00e8 

  0x000001fa400a26a0: ; ImmutableOopMap {[216]=Oop }
                      ;*invokeinterface forceClose {reexecute=0 rethrow=0 return_oop=0}
                      ; - com.mysql.cj.protocol.a.SimplePacketReader::readMessageLocal@133 (line 145)
  0x000001fa400a26a0: dcc3 1fff 

  0x000001fa400a26a4: ;   {other}
  0x000001fa400a26a4: 0f1f 8400 | 140c 000c | e91b 0000 | 0049 8b87 | 0805 0000 | 4d33 d24d | 8997 0805 | 0000 4d33 
  0x000001fa400a26c4: d24d 8997 | 1005 0000 | 488b 8424 | d800 0000 | e9d7 0100 

  0x000001fa400a26d8: ;   {runtime_call throw_null_pointer_exception Runtime1 stub}
  0x000001fa400a26d8: 00e8 2229 

  0x000001fa400a26dc: ; ImmutableOopMap {r9=Oop [144]=Oop [152]=Oop }
                      ;*invokevirtual getMessageSize {reexecute=0 rethrow=0 return_oop=0}
                      ; - com.mysql.cj.protocol.a.SimplePacketReader::readMessageLocal@1 (line 117)
                      ;   {runtime_call throw_null_pointer_exception Runtime1 stub}
  0x000001fa400a26dc: 2bff e81d 

  0x000001fa400a26e0: ; ImmutableOopMap {r8=Oop [152]=Oop }
                      ;*invokevirtual isPresent {reexecute=0 rethrow=0 return_oop=0}
                      ; - com.mysql.cj.protocol.a.SimplePacketReader::readMessageLocal@6 (line 119)
  0x000001fa400a26e0: 292b ff48 

  0x000001fa400a26e4: ;   {runtime_call throw_class_cast_exception Runtime1 stub}
  0x000001fa400a26e4: 891c 24e8 

  0x000001fa400a26e8: ; ImmutableOopMap {[152]=Oop }
                      ;*checkcast {reexecute=0 rethrow=0 return_oop=0}
                      ; - com.mysql.cj.protocol.a.SimplePacketReader::readMessageLocal@16 (line 120)
  0x000001fa400a26e8: 144d 2bff 

  0x000001fa400a26ec: ;   {runtime_call throw_null_pointer_exception Runtime1 stub}
  0x000001fa400a26ec: e80f 292b 

  0x000001fa400a26f0: ; ImmutableOopMap {r9=Oop [152]=Oop }
                      ;*invokevirtual setPosition {reexecute=0 rethrow=0 return_oop=0}
                      ; - com.mysql.cj.protocol.a.SimplePacketReader::readMessageLocal@24 (line 122)
                      ;   {runtime_call throw_null_pointer_exception Runtime1 stub}
  0x000001fa400a26f0: ffe8 0a29 

  0x000001fa400a26f4: ; ImmutableOopMap {r9=Oop [152]=Oop }
                      ;*arraylength {reexecute=0 rethrow=0 return_oop=0}
                      ; - com.mysql.cj.protocol.a.SimplePacketReader::readMessageLocal@32 (line 124)
                      ;   {runtime_call new_type_array Runtime1 stub}
  0x000001fa400a26f4: 2bff e805 

  0x000001fa400a26f8: ; ImmutableOopMap {r9=Oop [152]=Oop }
                      ;*newarray {reexecute=0 rethrow=0 return_oop=0}
                      ; - com.mysql.cj.protocol.a.SimplePacketReader::readMessageLocal@40 (line 127)
  0x000001fa400a26f8: 382b ffe9 | c5f7 ffff | 418b 5114 | 48c1 e203 | 4883 fa00 | 0f84 c0f7 | ffff 4889 

  0x000001fa400a2714: ;   {runtime_call g1_pre_barrier_slow}
  0x000001fa400a2714: 1424 e8e5 | 8e2b ffe9 | b2f7 ffff | 4883 f800 | 0f84 c7f7 | ffff 4c89 

  0x000001fa400a272c: ;   {runtime_call g1_post_barrier_slow}
  0x000001fa400a272c: 0c24 e8cd | 912b ffe9 | b9f7 ffff 

  0x000001fa400a2738: ;   {runtime_call throw_null_pointer_exception Runtime1 stub}
  0x000001fa400a2738: e8c3 282b 

  0x000001fa400a273c: ; ImmutableOopMap {r9=Oop [152]=Oop }
                      ;*arraylength {reexecute=0 rethrow=0 return_oop=0}
                      ; - com.mysql.cj.protocol.a.NativePacketPayload::setPayloadLength@5 (line 176)
                      ; - com.mysql.cj.protocol.a.SimplePacketReader::readMessageLocal@48 (line 131)
  0x000001fa400a273c: ff48 8bd2 

  0x000001fa400a2740: ;   {runtime_call fast_new_instance Runtime1 stub}
  0x000001fa400a2740: e8bb 312b 

  0x000001fa400a2744: ; ImmutableOopMap {[152]=Oop }
                      ;*new {reexecute=0 rethrow=0 return_oop=0}
                      ; - com.mysql.cj.protocol.a.SimplePacketReader::readMessageLocal@54 (line 133)
  0x000001fa400a2744: ffe9 1bf8 

  0x000001fa400a2748: ;   {runtime_call new_type_array Runtime1 stub}
  0x000001fa400a2748: ffff e8b1 

  0x000001fa400a274c: ; ImmutableOopMap {r9=Oop [152]=Oop }
                      ;*newarray {reexecute=0 rethrow=0 return_oop=0}
                      ; - com.mysql.cj.protocol.a.SimplePacketReader::readMessageLocal@59 (line 133)
  0x000001fa400a274c: 372b ffe9 | a0f8 ffff 

  0x000001fa400a2754: ;   {runtime_call throw_incompatible_class_change_error Runtime1 stub}
  0x000001fa400a2754: e8a7 4f2b 

  0x000001fa400a2758: ; ImmutableOopMap {r9=Oop rdx=Oop r8=Oop [152]=Oop }
                      ;*invokeinterface getMysqlInput {reexecute=0 rethrow=0 return_oop=0}
                      ; - com.mysql.cj.protocol.a.SimplePacketReader::readMessageLocal@70 (line 137)
                      ;   {runtime_call throw_null_pointer_exception Runtime1 stub}
  0x000001fa400a2758: ffe8 a228 

  0x000001fa400a275c: ; ImmutableOopMap {r9=Oop rdx=Oop [152]=Oop }
                      ;*invokeinterface getMysqlInput {reexecute=0 rethrow=0 return_oop=0}
                      ; - com.mysql.cj.protocol.a.SimplePacketReader::readMessageLocal@70 (line 137)
                      ;   {runtime_call throw_null_pointer_exception Runtime1 stub}
  0x000001fa400a275c: 2bff e89d 

  0x000001fa400a2760: ; ImmutableOopMap {r9=Oop rsi=Oop [152]=Oop }
                      ;*invokevirtual getByteBuffer {reexecute=0 rethrow=0 return_oop=0}
                      ; - com.mysql.cj.protocol.a.SimplePacketReader::readMessageLocal@77 (line 137)
                      ;   {runtime_call throw_null_pointer_exception Runtime1 stub}
  0x000001fa400a2760: 282b ffe8 

  0x000001fa400a2764: ; ImmutableOopMap {r9=Oop rsi=Oop r8=Oop [152]=Oop }
                      ;*invokevirtual readFully {reexecute=0 rethrow=0 return_oop=0}
                      ; - com.mysql.cj.protocol.a.SimplePacketReader::readMessageLocal@82 (line 137)
  0x000001fa400a2764: 9828 2bff 

  0x000001fa400a2768: ;   {runtime_call fast_new_instance Runtime1 stub}
  0x000001fa400a2768: 488b d2e8 

  0x000001fa400a276c: ; ImmutableOopMap {[152]=Oop }
                      ;*new {reexecute=0 rethrow=0 return_oop=0}
                      ; - com.mysql.cj.protocol.a.SimplePacketReader::readMessageLocal@93 (line 139)
  0x000001fa400a276c: 9031 2bff | e9a2 f9ff 

  0x000001fa400a2774: ;   {runtime_call new_object_array Runtime1 stub}
  0x000001fa400a2774: ffe8 863a 

  0x000001fa400a2778: ; ImmutableOopMap {[152]=Oop [184]=Oop }
                      ;*anewarray {reexecute=0 rethrow=0 return_oop=0}
                      ; - com.mysql.cj.protocol.a.SimplePacketReader::readMessageLocal@100 (line 139)
  0x000001fa400a2778: 2bff e92e | faff ff48 

  0x000001fa400a2780: ;   {runtime_call fast_new_instance Runtime1 stub}
  0x000001fa400a2780: 8bd2 e879 

  0x000001fa400a2784: ; ImmutableOopMap {rbx=Oop [152]=Oop [184]=Oop }
                      ;*new {reexecute=0 rethrow=0 return_oop=0}
                      ; - java.lang.Integer::valueOf@23 (line 1019)
                      ; - com.mysql.cj.protocol.a.SimplePacketReader::readMessageLocal@106 (line 139)
  0x000001fa400a2784: 312b ffe9 | 84fa ffff 

  0x000001fa400a278c: ;   {runtime_call throw_null_pointer_exception Runtime1 stub}
  0x000001fa400a278c: e86f 282b 

  0x000001fa400a2790: ; ImmutableOopMap {rbx=Oop [152]=Oop [184]=Oop }
                      ;*aaload {reexecute=0 rethrow=0 return_oop=0}
                      ; - java.lang.Integer::valueOf@21 (line 1018)
                      ; - com.mysql.cj.protocol.a.SimplePacketReader::readMessageLocal@106 (line 139)
                      ;   {runtime_call throw_null_pointer_exception Runtime1 stub}
  0x000001fa400a2790: ffe8 6a28 

  0x000001fa400a2794: ; ImmutableOopMap {rbx=Oop rax=Oop [152]=Oop [184]=Oop }
                      ;*aastore {reexecute=1 rethrow=0 return_oop=0}
                      ; - (reexecute) com.mysql.cj.protocol.a.SimplePacketReader::readMessageLocal@109 (line 139)
  0x000001fa400a2794: 2bff 4889 

  0x000001fa400a2798: ;   {runtime_call throw_array_store_exception Runtime1 stub}
  0x000001fa400a2798: 0424 e861 

  0x000001fa400a279c: ; ImmutableOopMap {rbx=Oop rax=Oop [152]=Oop [184]=Oop }
                      ;*aastore {reexecute=1 rethrow=0 return_oop=0}
                      ; - (reexecute) com.mysql.cj.protocol.a.SimplePacketReader::readMessageLocal@109 (line 139)
  0x000001fa400a279c: 492b ff8b | 3248 c1e6 | 0348 83fe | 000f 84f8 | faff ff48 

  0x000001fa400a27b0: ;   {runtime_call g1_pre_barrier_slow}
  0x000001fa400a27b0: 8934 24e8 | 488e 2bff | e9ea faff | ff48 83f8 | 000f 84fe | faff ff48 

  0x000001fa400a27c8: ;   {runtime_call g1_post_barrier_slow}
  0x000001fa400a27c8: 8914 24e8 | 3091 2bff | e9f0 faff 

  0x000001fa400a27d4: ;   {internal_word}
  0x000001fa400a27d4: ff49 baee | 220a 40fa | 0100 004d | 8997 7004 

  0x000001fa400a27e4: ;   {runtime_call SafepointBlob}
  0x000001fa400a27e4: 0000 e915 | 2f20 ff48 

  0x000001fa400a27ec: ;   {runtime_call fast_new_instance Runtime1 stub}
  0x000001fa400a27ec: 8bd2 e80d 

  0x000001fa400a27f0: ; ImmutableOopMap {rbx=Oop [152]=Oop [184]=Oop }
                      ;*new {reexecute=0 rethrow=0 return_oop=0}
                      ; - java.lang.Integer::valueOf@23 (line 1019)
                      ; - com.mysql.cj.protocol.a.SimplePacketReader::readMessageLocal@114 (line 139)
  0x000001fa400a27f0: 312b ffe9 | 50fb ffff 

  0x000001fa400a27f8: ;   {runtime_call throw_null_pointer_exception Runtime1 stub}
  0x000001fa400a27f8: e803 282b 

  0x000001fa400a27fc: ; ImmutableOopMap {rbx=Oop [152]=Oop [184]=Oop }
                      ;*aaload {reexecute=0 rethrow=0 return_oop=0}
                      ; - java.lang.Integer::valueOf@21 (line 1018)
                      ; - com.mysql.cj.protocol.a.SimplePacketReader::readMessageLocal@114 (line 139)
                      ;   {runtime_call throw_null_pointer_exception Runtime1 stub}
  0x000001fa400a27fc: ffe8 fe27 

  0x000001fa400a2800: ; ImmutableOopMap {rbx=Oop rax=Oop [152]=Oop [184]=Oop }
                      ;*aastore {reexecute=1 rethrow=0 return_oop=0}
                      ; - (reexecute) com.mysql.cj.protocol.a.SimplePacketReader::readMessageLocal@117 (line 139)
  0x000001fa400a2800: 2bff 4889 

  0x000001fa400a2804: ;   {runtime_call throw_array_store_exception Runtime1 stub}
  0x000001fa400a2804: 0424 e8f5 

  0x000001fa400a2808: ; ImmutableOopMap {rbx=Oop rax=Oop [152]=Oop [184]=Oop }
                      ;*aastore {reexecute=1 rethrow=0 return_oop=0}
                      ; - (reexecute) com.mysql.cj.protocol.a.SimplePacketReader::readMessageLocal@117 (line 139)
  0x000001fa400a2808: 482b ff44 | 8b02 49c1 | e003 4983 | f800 0f84 | cafb ffff | 4c89 0424 

  0x000001fa400a2820: ;   {runtime_call g1_pre_barrier_slow}
  0x000001fa400a2820: e8db 8d2b | ffe9 bcfb | ffff 4883 | f800 0f84 | d0fb ffff | 4889 1424 

  0x000001fa400a2838: ;   {runtime_call g1_post_barrier_slow}
  0x000001fa400a2838: e8c3 902b | ffe9 c2fb | ffff 488b 

  0x000001fa400a2844: ;   {runtime_call fast_new_instance Runtime1 stub}
  0x000001fa400a2844: d2e8 b630 

  0x000001fa400a2848: ; ImmutableOopMap {[152]=Oop [176]=Oop }
                      ;*new {reexecute=0 rethrow=0 return_oop=0}
                      ; - com.mysql.cj.protocol.AbstractSocketConnection::getMysqlInput@12 (line 77)
                      ; - com.mysql.cj.protocol.a.SimplePacketReader::readMessageLocal@70 (line 137)
  0x000001fa400a2848: 2bff e965 | fcff ff48 

  0x000001fa400a2850: ;   {runtime_call throw_class_cast_exception Runtime1 stub}
  0x000001fa400a2850: 8904 24e8 

  0x000001fa400a2854: ; ImmutableOopMap {[152]=Oop [200]=Oop }
                      ;*checkcast {reexecute=0 rethrow=0 return_oop=0}
                      ; - com.mysql.cj.protocol.a.NativePacketPayload::setPayloadLength@19 (line 177)
                      ; - com.mysql.cj.protocol.a.SimplePacketReader::readMessageLocal@48 (line 131)
  0x000001fa400a2854: a84b 2bff 

  0x000001fa400a2858: ;   {runtime_call throw_null_pointer_exception Runtime1 stub}
  0x000001fa400a2858: e8a3 272b 

  0x000001fa400a285c: ; ImmutableOopMap {rax=Oop [152]=Oop [200]=Oop }
                      ;*athrow {reexecute=1 rethrow=0 return_oop=0}
                      ; - (reexecute) com.mysql.cj.protocol.a.NativePacketPayload::setPayloadLength@22 (line 177)
                      ; - com.mysql.cj.protocol.a.SimplePacketReader::readMessageLocal@48 (line 131)
                      ;   {runtime_call throw_null_pointer_exception Runtime1 stub}
  0x000001fa400a285c: ffe8 9e27 

  0x000001fa400a2860: ; ImmutableOopMap {[152]=Oop }
                      ;*new {reexecute=0 rethrow=0 return_oop=0}
                      ; - java.util.Optional::get@7 (line 143)
                      ; - com.mysql.cj.protocol.a.SimplePacketReader::readMessageLocal@13 (line 120)
  0x000001fa400a2860: 2bff 488b 

  0x000001fa400a2864: ;   {runtime_call fast_new_instance_init_check Runtime1 stub}
  0x000001fa400a2864: d2e8 9633 

  0x000001fa400a2868: ; ImmutableOopMap {[152]=Oop }
                      ;*new {reexecute=0 rethrow=0 return_oop=0}
                      ; - java.util.Optional::get@7 (line 143)
                      ; - com.mysql.cj.protocol.a.SimplePacketReader::readMessageLocal@13 (line 120)
  0x000001fa400a2868: 2bff e993 

  0x000001fa400a286c: ;   {runtime_call throw_incompatible_class_change_error Runtime1 stub}
  0x000001fa400a286c: fdff ffe8 

  0x000001fa400a2870: ; ImmutableOopMap {rax=Oop rdx=Oop }
                      ;*invokeinterface forceClose {reexecute=0 rethrow=0 return_oop=0}
                      ; - com.mysql.cj.protocol.a.SimplePacketReader::readMessageLocal@133 (line 145)
  0x000001fa400a2870: 8c4e 2bff 

  0x000001fa400a2874: ;   {runtime_call throw_null_pointer_exception Runtime1 stub}
  0x000001fa400a2874: e887 272b 

  0x000001fa400a2878: ; ImmutableOopMap {rax=Oop rdx=Oop }
                      ;*invokeinterface forceClose {reexecute=0 rethrow=0 return_oop=0}
                      ; - com.mysql.cj.protocol.a.SimplePacketReader::readMessageLocal@133 (line 145)
  0x000001fa400a2878: ff48 8984 | 24d8 0000 | 00e9 2bfe | ffff 4889 | 8424 d800 | 0000 e91e | feff ff49 | 8b87 0805 
  0x000001fa400a2898: 0000 49c7 | 8708 0500 | 0000 0000 | 0049 c787 | 1005 0000 | 0000 0000 | 4881 c4f0 | 0000 005d 
  0x000001fa400a28b8: ;   {runtime_call unwind_exception Runtime1 stub}
  0x000001fa400a28b8: e9c3 132b | fff4 f4f4 
[Stub Code]
  0x000001fa400a28c0: ;   {no_reloc}
  0x000001fa400a28c0: 0f1f 4400 

  0x000001fa400a28c4: ;   {static_stub}
  0x000001fa400a28c4: 0048 bb00 | 0000 0000 

  0x000001fa400a28cc: ;   {runtime_call}
  0x000001fa400a28cc: 0000 00e9 | fbff ffff 

  0x000001fa400a28d4: ;   {static_stub}
  0x000001fa400a28d4: 9048 bb00 | 0000 0000 

  0x000001fa400a28dc: ;   {runtime_call}
  0x000001fa400a28dc: 0000 00e9 | fbff ffff 

  0x000001fa400a28e4: ;   {static_stub}
  0x000001fa400a28e4: 9048 bb00 | 0000 0000 

  0x000001fa400a28ec: ;   {runtime_call}
  0x000001fa400a28ec: 0000 00e9 | fbff ffff 

  0x000001fa400a28f4: ;   {static_stub}
  0x000001fa400a28f4: 9048 bb00 | 0000 0000 

  0x000001fa400a28fc: ;   {runtime_call}
  0x000001fa400a28fc: 0000 00e9 | fbff ffff 

  0x000001fa400a2904: ;   {static_stub}
  0x000001fa400a2904: 9048 bb00 | 0000 0000 

  0x000001fa400a290c: ;   {runtime_call}
  0x000001fa400a290c: 0000 00e9 | fbff ffff 

  0x000001fa400a2914: ;   {static_stub}
  0x000001fa400a2914: 48bb 0000 | 0000 0000 

  0x000001fa400a291c: ;   {runtime_call}
  0x000001fa400a291c: 0000 e9fb 

  0x000001fa400a2920: ;   {static_stub}
  0x000001fa400a2920: ffff ff48 | bb00 0000 | 0000 0000 

  0x000001fa400a292c: ;   {runtime_call}
  0x000001fa400a292c: 00e9 fbff 

  0x000001fa400a2930: ;   {static_stub}
  0x000001fa400a2930: ffff 48bb | 0000 0000 | 0000 0000 

  0x000001fa400a293c: ;   {runtime_call}
  0x000001fa400a293c: e9fb ffff 

  0x000001fa400a2940: ;   {runtime_call handle_exception_from_callee Runtime1 stub}
  0x000001fa400a2940: ffe8 ba44 

  0x000001fa400a2944: ;   {external_word}
  0x000001fa400a2944: 2bff 48b9 | c018 b921 | fd7f 0000 | 4883 e4f0 

  0x000001fa400a2954: ;   {runtime_call}
  0x000001fa400a2954: 48b8 c094 | 8021 fd7f | 0000 ffd0 

  0x000001fa400a2960: ;   {section_word}
  0x000001fa400a2960: f449 ba61 | 290a 40fa | 0100 0041 

  0x000001fa400a296c: ;   {runtime_call DeoptimizationBlob}
  0x000001fa400a296c: 52e9 2e20 | 20ff f4f4 | f4f4 f4f4 
[/MachCode]


Compiled method (c1) 441189 5283       1       com.mysql.cj.protocol.a.SimplePacketReader::readMessage (10 bytes)
 total in heap  [0x000001fa4009b010,0x000001fa4009b3d8] = 968
 relocation     [0x000001fa4009b168,0x000001fa4009b1b0] = 72
 main code      [0x000001fa4009b1c0,0x000001fa4009b300] = 320
 stub code      [0x000001fa4009b300,0x000001fa4009b340] = 64
 oops           [0x000001fa4009b340,0x000001fa4009b348] = 8
 metadata       [0x000001fa4009b348,0x000001fa4009b368] = 32
 scopes data    [0x000001fa4009b368,0x000001fa4009b390] = 40
 scopes pcs     [0x000001fa4009b390,0x000001fa4009b3d0] = 64
 dependencies   [0x000001fa4009b3d0,0x000001fa4009b3d8] = 8

[Constant Pool (empty)]

[MachCode]
[Entry Point]
  # {method} {0x000001fa8e534498} 'readMessage' '(Ljava/util/Optional;Lcom/mysql/cj/protocol/MessageHeader;)Lcom/mysql/cj/protocol/Message;' in 'com/mysql/cj/protocol/a/SimplePacketReader'
  # this:     rdx:rdx   = 'com/mysql/cj/protocol/a/SimplePacketReader'
  # parm0:    r8:r8     = 'java/util/Optional'
  # parm1:    r9:r9     = 'com/mysql/cj/protocol/MessageHeader'
  #           [sp+0x60]  (sp of caller)
  0x000001fa4009b1c0: 448b 5208 | 49bb 0000 | 004b fa01 | 0000 4d03 | d34c 3bd0 

  0x000001fa4009b1d4: ;   {runtime_call ic_miss_stub}
  0x000001fa4009b1d4: 0f85 a635 | 20ff 660f | 1f44 0000 
[Verified Entry Point]
  0x000001fa4009b1e0: 8984 2400 | 80ff ff55 | 4883 ec50 | 4181 7f20 | 1a00 0000 

  0x000001fa4009b1f4: ;   {runtime_call StubRoutines (final stubs)}
  0x000001fa4009b1f4: 7405 e8e5 | 9a1e ff4d | 85c9 0f84 | 2900 0000 

  0x000001fa4009b204: ;   {metadata('com/mysql/cj/protocol/a/NativePacketHeader')}
  0x000001fa4009b204: 48bb 102a | 634c fa01 | 0000 418b | 7108 49ba | 0000 004b | fa01 0000 | 4903 f248 | 3bde 0f85 
  0x000001fa4009b224: 6100 0000 | e900 0000 | 008b 721c | 48c1 e603 | 4885 f60f | 8522 0000 

  0x000001fa4009b23c: ;   {optimized virtual_call}
  0x000001fa4009b23c: 0066 90e8 

  0x000001fa4009b240: ; ImmutableOopMap {}
                      ;*invokespecial readMessageLocal {reexecute=0 rethrow=0 return_oop=0}
                      ; - com.mysql.cj.protocol.a.SimplePacketReader::readMessage@10 (line 102)
                      ; - com.mysql.cj.protocol.a.SimplePacketReader::readMessage@6 (line 45)
  0x000001fa4009b240: 1c6b 0000 

  0x000001fa4009b244: ;   {other}
  0x000001fa4009b244: 0f1f 8400 | 3402 0000 | 4883 c450 

  0x000001fa4009b250: ;   {poll_return}
  0x000001fa4009b250: 5d49 3ba7 | 5804 0000 | 0f87 3400 | 0000 c341 | 0fbe 4738 | 85c0 0f85 | 3c00 0000 | c742 1c00 
  0x000001fa4009b270: 0000 0048 | 8bc6 4883 

  0x000001fa4009b278: ;   {poll_return}
  0x000001fa4009b278: c450 5d49 | 3ba7 5804 | 0000 0f87 | 3800 0000 | c34c 890c 

  0x000001fa4009b28c: ;   {runtime_call throw_class_cast_exception Runtime1 stub}
  0x000001fa4009b28c: 24e8 6ec1 

  0x000001fa4009b290: ; ImmutableOopMap {rdx=Oop r8=Oop }
                      ;*checkcast {reexecute=0 rethrow=0 return_oop=0}
                      ; - com.mysql.cj.protocol.a.SimplePacketReader::readMessage@3 (line 45)
                      ;   {internal_word}
  0x000001fa4009b290: 2bff 49ba | 51b2 0940 | fa01 0000 | 4d89 9770 

  0x000001fa4009b2a0: ;   {runtime_call SafepointBlob}
  0x000001fa4009b2a0: 0400 00e9 | 58a4 20ff | 8b42 1c48 | c1e0 0348 | 83f8 0074 | b748 8904 

  0x000001fa4009b2b8: ;   {runtime_call g1_pre_barrier_slow}
  0x000001fa4009b2b8: 24e8 4203 | 2cff ebac 

  0x000001fa4009b2c0: ;   {internal_word}
  0x000001fa4009b2c0: 49ba 7bb2 | 0940 fa01 | 0000 4d89 | 9770 0400 

  0x000001fa4009b2d0: ;   {runtime_call SafepointBlob}
  0x000001fa4009b2d0: 00e9 2aa4 | 20ff 498b | 8708 0500 | 0049 c787 | 0805 0000 | 0000 0000 | 49c7 8710 | 0500 0000 
  0x000001fa4009b2f0: 0000 0048 | 83c4 505d 

  0x000001fa4009b2f8: ;   {runtime_call unwind_exception Runtime1 stub}
  0x000001fa4009b2f8: e983 892b | fff4 f4f4 
[Stub Code]
  0x000001fa4009b300: ;   {no_reloc}
  0x000001fa4009b300: 48bb 9041 | 538e fa01 

  0x000001fa4009b308: ;   {runtime_call I2C/C2I adapters}
  0x000001fa4009b308: 0000 e95c 

  0x000001fa4009b30c: ;   {runtime_call handle_exception_from_callee Runtime1 stub}
  0x000001fa4009b30c: fa1f ffe8 | ecba 2bff 

  0x000001fa4009b314: ;   {external_word}
  0x000001fa4009b314: 48b9 c018 | b921 fd7f | 0000 4883 

  0x000001fa4009b320: ;   {runtime_call}
  0x000001fa4009b320: e4f0 48b8 | c094 8021 | fd7f 0000 

  0x000001fa4009b32c: ;   {section_word}
  0x000001fa4009b32c: ffd0 f449 | ba2f b309 | 40fa 0100 

  0x000001fa4009b338: ;   {runtime_call DeoptimizationBlob}
  0x000001fa4009b338: 0041 52e9 | 6096 20ff 
[/MachCode]


---------------  P R O C E S S  ---------------

Threads class SMR info:
_java_thread_list=0x000001fa93d49940, length=49, elements={
0x000001fa901151c0, 0x000001fa90115ee0, 0x000001fa90116c00, 0x000001fa901187a0,
0x000001fa9011a760, 0x000001fa901237e0, 0x000001fa901458f0, 0x000001fa9029c930,
0x000001fa9099b140, 0x000001fa909a0490, 0x000001fa90c26e70, 0x000001fa91a23230,
0x000001fa922a57a0, 0x000001fa932a6160, 0x000001fa932aa300, 0x000001fa9120a7b0,
0x000001fa91203eb0, 0x000001fa91208d70, 0x000001fa91209400, 0x000001fa91206610,
0x000001fa912086e0, 0x000001fa912058f0, 0x000001fa91206ca0, 0x000001fa9120b4d0,
0x000001fa91204540, 0x000001fa91205f80, 0x000001fa91204bd0, 0x000001fa91209a90,
0x000001fa932a5ad0, 0x000001fa932aa990, 0x000001fa932a4db0, 0x000001fa932a5440,
0x000001fa932a95e0, 0x000001fa932a67f0, 0x000001fa945954b0, 0x000001fa94a91820,
0x000001fa94ea0560, 0x000001fa945af1b0, 0x000001fa945b5ab0, 0x000001fa945b4700,
0x000001fa945b1fa0, 0x000001fa945b5420, 0x000001fa945b0bf0, 0x000001fa945b3350,
0x000001fa945b2cc0, 0x000001fa945b1910, 0x000001fa945af840, 0x000001fa945905f0,
0x000001fa947468a0
}

Java Threads: ( => current thread )
  0x000001fa901151c0 JavaThread "Reference Handler"          daemon [_thread_blocked, id=31728, stack(0x0000000d82000000,0x0000000d82100000) (1024K)]
  0x000001fa90115ee0 JavaThread "Finalizer"                  daemon [_thread_blocked, id=20452, stack(0x0000000d82100000,0x0000000d82200000) (1024K)]
  0x000001fa90116c00 JavaThread "Signal Dispatcher"          daemon [_thread_blocked, id=30948, stack(0x0000000d82200000,0x0000000d82300000) (1024K)]
  0x000001fa901187a0 JavaThread "Attach Listener"            daemon [_thread_blocked, id=14088, stack(0x0000000d82300000,0x0000000d82400000) (1024K)]
  0x000001fa9011a760 JavaThread "Service Thread"             daemon [_thread_blocked, id=4876, stack(0x0000000d82400000,0x0000000d82500000) (1024K)]
  0x000001fa901237e0 JavaThread "Monitor Deflation Thread"   daemon [_thread_blocked, id=30180, stack(0x0000000d82500000,0x0000000d82600000) (1024K)]
  0x000001fa901458f0 JavaThread "C1 CompilerThread0"         daemon [_thread_blocked, id=19848, stack(0x0000000d82600000,0x0000000d82700000) (1024K)]
  0x000001fa9029c930 JavaThread "Common-Cleaner"             daemon [_thread_blocked, id=18948, stack(0x0000000d82800000,0x0000000d82900000) (1024K)]
  0x000001fa9099b140 JavaThread "Monitor Ctrl-Break"         daemon [_thread_in_native, id=16732, stack(0x0000000d82c00000,0x0000000d82d00000) (1024K)]
  0x000001fa909a0490 JavaThread "Notification Thread"        daemon [_thread_blocked, id=25588, stack(0x0000000d82d00000,0x0000000d82e00000) (1024K)]
  0x000001fa90c26e70 JavaThread "RMI TCP Accept-0"           daemon [_thread_in_native, id=4840, stack(0x0000000d82e00000,0x0000000d82f00000) (1024K)]
  0x000001fa91a23230 JavaThread "RMI Scheduler(0)"           daemon [_thread_blocked, id=2596, stack(0x0000000d84600000,0x0000000d84700000) (1024K)]
  0x000001fa922a57a0 JavaThread "mysql-cj-abandoned-connection-cleanup" daemon [_thread_blocked, id=31688, stack(0x0000000d84900000,0x0000000d84a00000) (1024K)]
  0x000001fa932a6160 JavaThread "Live Reload Server"         daemon [_thread_in_native, id=7756, stack(0x0000000d84f00000,0x0000000d85000000) (1024K)]
  0x000001fa932aa300 JavaThread "DestroyJavaVM"                     [_thread_blocked, id=28144, stack(0x0000000d81800000,0x0000000d81900000) (1024K)]
  0x000001fa9120a7b0 JavaThread "File Watcher"               daemon [_thread_blocked, id=24480, stack(0x0000000d82b00000,0x0000000d82c00000) (1024K)]
  0x000001fa91203eb0 JavaThread "Catalina-utility-1"                [_thread_blocked, id=7428, stack(0x0000000d83400000,0x0000000d83500000) (1024K)]
  0x000001fa91208d70 JavaThread "Catalina-utility-2"                [_thread_blocked, id=26732, stack(0x0000000d83500000,0x0000000d83600000) (1024K)]
  0x000001fa91209400 JavaThread "container-1"                       [_thread_blocked, id=4824, stack(0x0000000d83800000,0x0000000d83900000) (1024K)]
  0x000001fa91206610 JavaThread "HikariPool-3 housekeeper"   daemon [_thread_blocked, id=26900, stack(0x0000000d83900000,0x0000000d83a00000) (1024K)]
  0x000001fa912086e0 JavaThread "File Watcher"               daemon [_thread_blocked, id=27468, stack(0x0000000d84200000,0x0000000d84300000) (1024K)]
  0x000001fa912058f0 JavaThread "MessageBroker-1"                   [_thread_blocked, id=16256, stack(0x0000000d84700000,0x0000000d84800000) (1024K)]
  0x000001fa91206ca0 JavaThread "http-nio-8080-exec-1"       daemon [_thread_blocked, id=21712, stack(0x0000000d84800000,0x0000000d84900000) (1024K)]
  0x000001fa9120b4d0 JavaThread "http-nio-8080-exec-2"       daemon [_thread_blocked, id=22804, stack(0x0000000d84b00000,0x0000000d84c00000) (1024K)]
  0x000001fa91204540 JavaThread "http-nio-8080-exec-3"       daemon [_thread_blocked, id=9328, stack(0x0000000d84c00000,0x0000000d84d00000) (1024K)]
  0x000001fa91205f80 JavaThread "http-nio-8080-exec-4"       daemon [_thread_blocked, id=1532, stack(0x0000000d84d00000,0x0000000d84e00000) (1024K)]
  0x000001fa91204bd0 JavaThread "http-nio-8080-exec-5"       daemon [_thread_blocked, id=27188, stack(0x0000000d84e00000,0x0000000d84f00000) (1024K)]
  0x000001fa91209a90 JavaThread "http-nio-8080-exec-6"       daemon [_thread_blocked, id=14816, stack(0x0000000d85000000,0x0000000d85100000) (1024K)]
  0x000001fa932a5ad0 JavaThread "http-nio-8080-exec-7"       daemon [_thread_blocked, id=9868, stack(0x0000000d85100000,0x0000000d85200000) (1024K)]
  0x000001fa932aa990 JavaThread "http-nio-8080-exec-8"       daemon [_thread_blocked, id=6184, stack(0x0000000d85200000,0x0000000d85300000) (1024K)]
  0x000001fa932a4db0 JavaThread "http-nio-8080-exec-9"       daemon [_thread_blocked, id=14632, stack(0x0000000d85300000,0x0000000d85400000) (1024K)]
=>0x000001fa932a5440 JavaThread "http-nio-8080-exec-10"      daemon [_thread_in_vm, id=26772, stack(0x0000000d85400000,0x0000000d85500000) (1024K)]
  0x000001fa932a95e0 JavaThread "http-nio-8080-Poller"       daemon [_thread_in_native, id=26884, stack(0x0000000d85500000,0x0000000d85600000) (1024K)]
  0x000001fa932a67f0 JavaThread "http-nio-8080-Acceptor"     daemon [_thread_in_native, id=14172, stack(0x0000000d85600000,0x0000000d85700000) (1024K)]
  0x000001fa945954b0 JavaThread "MessageBroker-2"                   [_thread_blocked, id=20884, stack(0x0000000d89900000,0x0000000d89a00000) (1024K)]
  0x000001fa94a91820 JavaThread "C1 CompilerThread1"         daemon [_thread_blocked, id=3996, stack(0x0000000d81500000,0x0000000d81600000) (1024K)]
  0x000001fa94ea0560 JavaThread "C1 CompilerThread2"         daemon [_thread_blocked, id=7940, stack(0x0000000d81600000,0x0000000d81700000) (1024K)]
  0x000001fa945af1b0 JavaThread "HttpClient-80-SelectorManager" daemon [_thread_in_native, id=1548, stack(0x0000000d82700000,0x0000000d82800000) (1024K)]
  0x000001fa945b5ab0 JavaThread "HttpClient-78-SelectorManager" daemon [_thread_in_native, id=4388, stack(0x0000000d82900000,0x0000000d82a00000) (1024K)]
  0x000001fa945b4700 JavaThread "HttpClient-79-SelectorManager" daemon [_thread_in_native, id=31568, stack(0x0000000d82a00000,0x0000000d82b00000) (1024K)]
  0x000001fa945b1fa0 JavaThread "HttpClient-78-Worker-0"     daemon [_thread_blocked, id=26988, stack(0x0000000d83a00000,0x0000000d83b00000) (1024K)]
  0x000001fa945b5420 JavaThread "HttpClient-80-Worker-0"     daemon [_thread_blocked, id=30964, stack(0x0000000d83b00000,0x0000000d83c00000) (1024K)]
  0x000001fa945b0bf0 JavaThread "HttpClient-79-Worker-0"     daemon [_thread_blocked, id=20572, stack(0x0000000d83c00000,0x0000000d83d00000) (1024K)]
  0x000001fa945b3350 JavaThread "HttpClient-80-Worker-1"     daemon [_thread_blocked, id=13488, stack(0x0000000d84500000,0x0000000d84600000) (1024K)]
  0x000001fa945b2cc0 JavaThread "HttpClient-78-Worker-1"     daemon [_thread_blocked, id=9412, stack(0x0000000d85700000,0x0000000d85800000) (1024K)]
  0x000001fa945b1910 JavaThread "HttpClient-80-Worker-2"     daemon [_thread_blocked, id=6868, stack(0x0000000d85800000,0x0000000d85900000) (1024K)]
  0x000001fa945af840 JavaThread "HttpClient-79-Worker-1"     daemon [_thread_blocked, id=30528, stack(0x0000000d85900000,0x0000000d85a00000) (1024K)]
  0x000001fa945905f0 JavaThread "HikariPool-3 connection adder" daemon [_thread_blocked, id=2652, stack(0x0000000d81700000,0x0000000d81800000) (1024K)]
  0x000001fa947468a0 JavaThread "C1 CompilerThread3"         daemon [_thread_blocked, id=13240, stack(0x0000000d85a00000,0x0000000d85b00000) (1024K)]
Total: 49

Other Threads:
  0x000001fa4aa1aa20 VMThread "VM Thread"                           [id=30996, stack(0x0000000d81f00000,0x0000000d82000000) (1024K)]
  0x000001fa4aa012f0 WatcherThread "VM Periodic Task Thread"        [id=26376, stack(0x0000000d81e00000,0x0000000d81f00000) (1024K)]
  0x000001fa357e3f40 WorkerThread "GC Thread#0"                     [id=5228, stack(0x0000000d81900000,0x0000000d81a00000) (1024K)]
  0x000001fa90cde880 WorkerThread "GC Thread#1"                     [id=23348, stack(0x0000000d82f00000,0x0000000d83000000) (1024K)]
  0x000001fa90cdec30 WorkerThread "GC Thread#2"                     [id=13144, stack(0x0000000d83000000,0x0000000d83100000) (1024K)]
  0x000001fa90cdefe0 WorkerThread "GC Thread#3"                     [id=1984, stack(0x0000000d83100000,0x0000000d83200000) (1024K)]
  0x000001fa90ce0430 WorkerThread "GC Thread#4"                     [id=11448, stack(0x0000000d83200000,0x0000000d83300000) (1024K)]
  0x000001fa90ce07e0 WorkerThread "GC Thread#5"                     [id=30424, stack(0x0000000d83300000,0x0000000d83400000) (1024K)]
  0x000001fa9150d020 WorkerThread "GC Thread#6"                     [id=14524, stack(0x0000000d83600000,0x0000000d83700000) (1024K)]
  0x000001fa9150d5e0 WorkerThread "GC Thread#7"                     [id=11920, stack(0x0000000d83700000,0x0000000d83800000) (1024K)]
  0x000001fa9164b9f0 WorkerThread "GC Thread#8"                     [id=17636, stack(0x0000000d83d00000,0x0000000d83e00000) (1024K)]
  0x000001fa9164bda0 WorkerThread "GC Thread#9"                     [id=9032, stack(0x0000000d83e00000,0x0000000d83f00000) (1024K)]
  0x000001fa9164cc60 WorkerThread "GC Thread#10"                    [id=2676, stack(0x0000000d83f00000,0x0000000d84000000) (1024K)]
  0x000001fa9164c150 WorkerThread "GC Thread#11"                    [id=31344, stack(0x0000000d84000000,0x0000000d84100000) (1024K)]
  0x000001fa9164d3c0 WorkerThread "GC Thread#12"                    [id=27664, stack(0x0000000d84400000,0x0000000d84500000) (1024K)]
  0x000001fa357f4870 ConcurrentGCThread "G1 Main Marker"            [id=30796, stack(0x0000000d81a00000,0x0000000d81b00000) (1024K)]
  0x000001fa357f5430 WorkerThread "G1 Conc#0"                       [id=11644, stack(0x0000000d81b00000,0x0000000d81c00000) (1024K)]
  0x000001fa9164c500 WorkerThread "G1 Conc#1"                       [id=24728, stack(0x0000000d84100000,0x0000000d84200000) (1024K)]
  0x000001fa9164d010 WorkerThread "G1 Conc#2"                       [id=23580, stack(0x0000000d84300000,0x0000000d84400000) (1024K)]
  0x000001fa4a8d3620 ConcurrentGCThread "G1 Refine#0"               [id=24656, stack(0x0000000d81c00000,0x0000000d81d00000) (1024K)]
  0x000001fa4a8d3fb0 ConcurrentGCThread "G1 Service"                [id=7444, stack(0x0000000d81d00000,0x0000000d81e00000) (1024K)]
Total: 21

Threads with active compile tasks:
Total: 0

VM state: not at safepoint (normal execution)

VM Mutex/Monitor currently owned by a thread:  ([mutex/lock_event])
[0x00007ffd21e3bcb8] Heap_lock - owner thread: 0x000001fa932a5440

Heap address: 0x0000000705c00000, size: 4004 MB, Compressed Oops mode: Zero based, Oop shift amount: 3

CDS archive(s) mapped at: [0x000001fa4b000000-0x000001fa4bc60000-0x000001fa4bc60000), size 12976128, SharedBaseAddress: 0x000001fa4b000000, ArchiveRelocationMode: 1.
Compressed class space mapped at: 0x000001fa4c000000-0x000001fa8c000000, reserved size: 1073741824
Narrow klass base: 0x000001fa4b000000, Narrow klass shift: 0, Narrow klass range: 0x41000000

GC Precious Log:
 CardTable entry size: 512
 Card Set container configuration: InlinePtr #cards 4 size 8 Array Of Cards #cards 16 size 48 Howl #buckets 8 coarsen threshold 3686 Howl Bitmap #cards 512 size 80 coarsen threshold 460 Card regions per heap region 1 cards per card region 4096
 CPUs: 16 total, 16 available
 Memory: 16008M
 Large Page Support: Disabled
 NUMA Support: Disabled
 Compressed Oops: Enabled (Zero based)
 Heap Region Size: 2M
 Heap Min Capacity: 8M
 Heap Initial Capacity: 252M
 Heap Max Capacity: 4004M
 Pre-touch: Disabled
 Parallel Workers: 13
 Concurrent Workers: 3
 Concurrent Refinement Workers: 13
 Periodic GC: Disabled

Heap:
 garbage-first heap   total reserved 4100096K, committed 262144K, used 253911K [0x0000000705c00000, 0x0000000800000000)
  region size 2048K, 10 young (20480K), 1 survivors (2048K)
 Metaspace       used 90332K, committed 91840K, reserved 1179648K
  class space    used 13067K, committed 13696K, reserved 1048576K

Heap Regions: E=young(eden), S=young(survivor), O=old, HS=humongous(starts), HC=humongous(continues), CS=collection set, F=free, TAMS=top-at-mark-start, PB=parsable bottom
|   0|0x0000000705c00000, 0x0000000705dffff8, 0x0000000705e00000| 99%| O|  |TAMS 0x0000000705c00000| PB 0x0000000705c00000| Untracked |  0
|   1|0x0000000705e00000, 0x0000000705ffff98, 0x0000000706000000| 99%| O|  |TAMS 0x0000000705e00000| PB 0x0000000705e00000| Untracked |  0
|   2|0x0000000706000000, 0x00000007061ffff8, 0x0000000706200000| 99%| O|  |TAMS 0x0000000706000000| PB 0x0000000706000000| Untracked |  0
|   3|0x0000000706200000, 0x0000000706400000, 0x0000000706400000|100%| O|  |TAMS 0x0000000706200000| PB 0x0000000706200000| Untracked |  0
|   4|0x0000000706400000, 0x0000000706600000, 0x0000000706600000|100%| O|  |TAMS 0x0000000706400000| PB 0x0000000706400000| Untracked |  0
|   5|0x0000000706600000, 0x00000007067ffff8, 0x0000000706800000| 99%| O|  |TAMS 0x0000000706600000| PB 0x0000000706600000| Untracked |  0
|   6|0x0000000706800000, 0x00000007069ffff8, 0x0000000706a00000| 99%| O|  |TAMS 0x0000000706800000| PB 0x0000000706800000| Untracked |  0
|   7|0x0000000706a00000, 0x0000000706bffff8, 0x0000000706c00000| 99%| O|  |TAMS 0x0000000706a00000| PB 0x0000000706a00000| Untracked |  0
|   8|0x0000000706c00000, 0x0000000706dffff8, 0x0000000706e00000| 99%| O|  |TAMS 0x0000000706c00000| PB 0x0000000706c00000| Untracked |  0
|   9|0x0000000706e00000, 0x0000000706ffffb0, 0x0000000707000000| 99%| O|  |TAMS 0x0000000706e00000| PB 0x0000000706e00000| Untracked |  0
|  10|0x0000000707000000, 0x00000007071ffff8, 0x0000000707200000| 99%| O|  |TAMS 0x0000000707000000| PB 0x0000000707000000| Untracked |  0
|  11|0x0000000707200000, 0x00000007073ffff8, 0x0000000707400000| 99%| O|  |TAMS 0x0000000707200000| PB 0x0000000707200000| Untracked |  0
|  12|0x0000000707400000, 0x00000007075fffe8, 0x0000000707600000| 99%| O|  |TAMS 0x0000000707400000| PB 0x0000000707400000| Untracked |  0
|  13|0x0000000707600000, 0x0000000707800000, 0x0000000707800000|100%| O|  |TAMS 0x0000000707600000| PB 0x0000000707600000| Untracked |  0
|  14|0x0000000707800000, 0x00000007079ffff8, 0x0000000707a00000| 99%| O|Cm|TAMS 0x0000000707800000| PB 0x0000000707800000| Complete |  0
|  15|0x0000000707a00000, 0x0000000707bffff0, 0x0000000707c00000| 99%| O|Cm|TAMS 0x0000000707a00000| PB 0x0000000707a00000| Complete |  0
|  16|0x0000000707c00000, 0x0000000707dffff8, 0x0000000707e00000| 99%| O|  |TAMS 0x0000000707c00000| PB 0x0000000707c00000| Untracked |  0
|  17|0x0000000707e00000, 0x0000000707ffffe8, 0x0000000708000000| 99%| O|  |TAMS 0x0000000707e00000| PB 0x0000000707e00000| Untracked |  0
|  18|0x0000000708000000, 0x0000000708200000, 0x0000000708200000|100%|HS|  |TAMS 0x0000000708000000| PB 0x0000000708000000| Complete |  0
|  19|0x0000000708200000, 0x0000000708400000, 0x0000000708400000|100%|HS|  |TAMS 0x0000000708200000| PB 0x0000000708200000| Complete |  0
|  20|0x0000000708400000, 0x0000000708600000, 0x0000000708600000|100%| O|  |TAMS 0x0000000708400000| PB 0x0000000708400000| Untracked |  0
|  21|0x0000000708600000, 0x000000070879a298, 0x0000000708800000| 80%| O|Cm|TAMS 0x0000000708600000| PB 0x0000000708600000| Complete |  0
|  22|0x0000000708800000, 0x0000000708a00000, 0x0000000708a00000|100%| O|  |TAMS 0x0000000708800000| PB 0x0000000708800000| Untracked |  0
|  23|0x0000000708a00000, 0x0000000708c00000, 0x0000000708c00000|100%| O|Cm|TAMS 0x0000000708a00000| PB 0x0000000708a00000| Complete |  0
|  24|0x0000000708c00000, 0x0000000708dffff8, 0x0000000708e00000| 99%| O|  |TAMS 0x0000000708c00000| PB 0x0000000708c00000| Untracked |  0
|  25|0x0000000708e00000, 0x0000000709000000, 0x0000000709000000|100%| O|  |TAMS 0x0000000708e00000| PB 0x0000000708e00000| Untracked |  0
|  26|0x0000000709000000, 0x0000000709200000, 0x0000000709200000|100%|HS|  |TAMS 0x0000000709000000| PB 0x0000000709000000| Complete |  0
|  27|0x0000000709200000, 0x0000000709400000, 0x0000000709400000|100%| O|  |TAMS 0x0000000709200000| PB 0x0000000709200000| Untracked |  0
|  28|0x0000000709400000, 0x0000000709600000, 0x0000000709600000|100%| O|  |TAMS 0x0000000709400000| PB 0x0000000709400000| Untracked |  0
|  29|0x0000000709600000, 0x0000000709800000, 0x0000000709800000|100%| O|  |TAMS 0x0000000709600000| PB 0x0000000709600000| Untracked |  0
|  30|0x0000000709800000, 0x0000000709800000, 0x0000000709a00000|  0%| F|  |TAMS 0x0000000709800000| PB 0x0000000709800000| Untracked |  0
|  31|0x0000000709a00000, 0x0000000709c00000, 0x0000000709c00000|100%| O|  |TAMS 0x0000000709a00000| PB 0x0000000709a00000| Untracked |  0
|  32|0x0000000709c00000, 0x0000000709e00000, 0x0000000709e00000|100%| O|  |TAMS 0x0000000709c00000| PB 0x0000000709c00000| Untracked |  0
|  33|0x0000000709e00000, 0x000000070a000000, 0x000000070a000000|100%| O|  |TAMS 0x0000000709e00000| PB 0x0000000709e00000| Untracked |  0
|  34|0x000000070a000000, 0x000000070a200000, 0x000000070a200000|100%|HS|  |TAMS 0x000000070a000000| PB 0x000000070a000000| Complete |  0
|  35|0x000000070a200000, 0x000000070a400000, 0x000000070a400000|100%|HC|  |TAMS 0x000000070a200000| PB 0x000000070a200000| Complete |  0
|  36|0x000000070a400000, 0x000000070a600000, 0x000000070a600000|100%|HC|  |TAMS 0x000000070a400000| PB 0x000000070a400000| Complete |  0
|  37|0x000000070a600000, 0x000000070a800000, 0x000000070a800000|100%|HS|  |TAMS 0x000000070a600000| PB 0x000000070a600000| Complete |  0
|  38|0x000000070a800000, 0x000000070aa00000, 0x000000070aa00000|100%|HC|  |TAMS 0x000000070a800000| PB 0x000000070a800000| Complete |  0
|  39|0x000000070aa00000, 0x000000070ac00000, 0x000000070ac00000|100%|HC|  |TAMS 0x000000070aa00000| PB 0x000000070aa00000| Complete |  0
|  40|0x000000070ac00000, 0x000000070ae00000, 0x000000070ae00000|100%|HS|  |TAMS 0x000000070ac00000| PB 0x000000070ac00000| Complete |  0
|  41|0x000000070ae00000, 0x000000070b000000, 0x000000070b000000|100%|HC|  |TAMS 0x000000070ae00000| PB 0x000000070ae00000| Complete |  0
|  42|0x000000070b000000, 0x000000070b200000, 0x000000070b200000|100%|HC|  |TAMS 0x000000070b000000| PB 0x000000070b000000| Complete |  0
|  43|0x000000070b200000, 0x000000070b400000, 0x000000070b400000|100%|HC|  |TAMS 0x000000070b200000| PB 0x000000070b200000| Complete |  0
|  44|0x000000070b400000, 0x000000070b600000, 0x000000070b600000|100%|HC|  |TAMS 0x000000070b400000| PB 0x000000070b400000| Complete |  0
|  45|0x000000070b600000, 0x000000070b800000, 0x000000070b800000|100%|HC|  |TAMS 0x000000070b600000| PB 0x000000070b600000| Complete |  0
|  46|0x000000070b800000, 0x000000070ba00000, 0x000000070ba00000|100%|HS|  |TAMS 0x000000070b800000| PB 0x000000070b800000| Complete |  0
|  47|0x000000070ba00000, 0x000000070bc00000, 0x000000070bc00000|100%|HC|  |TAMS 0x000000070ba00000| PB 0x000000070ba00000| Complete |  0
|  48|0x000000070bc00000, 0x000000070be00000, 0x000000070be00000|100%|HC|  |TAMS 0x000000070bc00000| PB 0x000000070bc00000| Complete |  0
|  49|0x000000070be00000, 0x000000070c000000, 0x000000070c000000|100%|HS|  |TAMS 0x000000070be00000| PB 0x000000070be00000| Complete |  0
|  50|0x000000070c000000, 0x000000070c200000, 0x000000070c200000|100%|HC|  |TAMS 0x000000070c000000| PB 0x000000070c000000| Complete |  0
|  51|0x000000070c200000, 0x000000070c400000, 0x000000070c400000|100%|HC|  |TAMS 0x000000070c200000| PB 0x000000070c200000| Complete |  0
|  52|0x000000070c400000, 0x000000070c600000, 0x000000070c600000|100%|HS|  |TAMS 0x000000070c400000| PB 0x000000070c400000| Complete |  0
|  53|0x000000070c600000, 0x000000070c800000, 0x000000070c800000|100%|HC|  |TAMS 0x000000070c600000| PB 0x000000070c600000| Complete |  0
|  54|0x000000070c800000, 0x000000070ca00000, 0x000000070ca00000|100%|HS|  |TAMS 0x000000070c800000| PB 0x000000070c800000| Complete |  0
|  55|0x000000070ca00000, 0x000000070cc00000, 0x000000070cc00000|100%|HC|  |TAMS 0x000000070ca00000| PB 0x000000070ca00000| Complete |  0
|  56|0x000000070cc00000, 0x000000070ce00000, 0x000000070ce00000|100%|HC|  |TAMS 0x000000070cc00000| PB 0x000000070cc00000| Complete |  0
|  57|0x000000070ce00000, 0x000000070d000000, 0x000000070d000000|100%|HS|  |TAMS 0x000000070ce00000| PB 0x000000070ce00000| Complete |  0
|  58|0x000000070d000000, 0x000000070d200000, 0x000000070d200000|100%|HC|  |TAMS 0x000000070d000000| PB 0x000000070d000000| Complete |  0
|  59|0x000000070d200000, 0x000000070d400000, 0x000000070d400000|100%|HC|  |TAMS 0x000000070d200000| PB 0x000000070d200000| Complete |  0
|  60|0x000000070d400000, 0x000000070d600000, 0x000000070d600000|100%|HC|  |TAMS 0x000000070d400000| PB 0x000000070d400000| Complete |  0
|  61|0x000000070d600000, 0x000000070d800000, 0x000000070d800000|100%|HC|  |TAMS 0x000000070d600000| PB 0x000000070d600000| Complete |  0
|  62|0x000000070d800000, 0x000000070da00000, 0x000000070da00000|100%|HS|  |TAMS 0x000000070d800000| PB 0x000000070d800000| Complete |  0
|  63|0x000000070da00000, 0x000000070dc00000, 0x000000070dc00000|100%|HC|  |TAMS 0x000000070da00000| PB 0x000000070da00000| Complete |  0
|  64|0x000000070dc00000, 0x000000070de00000, 0x000000070de00000|100%|HC|  |TAMS 0x000000070dc00000| PB 0x000000070dc00000| Complete |  0
|  65|0x000000070de00000, 0x000000070e000000, 0x000000070e000000|100%|HS|  |TAMS 0x000000070de00000| PB 0x000000070de00000| Complete |  0
|  66|0x000000070e000000, 0x000000070e200000, 0x000000070e200000|100%|HC|  |TAMS 0x000000070e000000| PB 0x000000070e000000| Complete |  0
|  67|0x000000070e200000, 0x000000070e400000, 0x000000070e400000|100%|HC|  |TAMS 0x000000070e200000| PB 0x000000070e200000| Complete |  0
|  68|0x000000070e400000, 0x000000070e600000, 0x000000070e600000|100%|HC|  |TAMS 0x000000070e400000| PB 0x000000070e400000| Complete |  0
|  69|0x000000070e600000, 0x000000070e800000, 0x000000070e800000|100%|HC|  |TAMS 0x000000070e600000| PB 0x000000070e600000| Complete |  0
|  70|0x000000070e800000, 0x000000070ea00000, 0x000000070ea00000|100%|HC|  |TAMS 0x000000070e800000| PB 0x000000070e800000| Complete |  0
|  71|0x000000070ea00000, 0x000000070ec00000, 0x000000070ec00000|100%|HS|  |TAMS 0x000000070ea00000| PB 0x000000070ea00000| Complete |  0
|  72|0x000000070ec00000, 0x000000070ee00000, 0x000000070ee00000|100%|HC|  |TAMS 0x000000070ec00000| PB 0x000000070ec00000| Complete |  0
|  73|0x000000070ee00000, 0x000000070f000000, 0x000000070f000000|100%|HC|  |TAMS 0x000000070ee00000| PB 0x000000070ee00000| Complete |  0
|  74|0x000000070f000000, 0x000000070f200000, 0x000000070f200000|100%|HS|  |TAMS 0x000000070f000000| PB 0x000000070f000000| Complete |  0
|  75|0x000000070f200000, 0x000000070f400000, 0x000000070f400000|100%|HC|  |TAMS 0x000000070f200000| PB 0x000000070f200000| Complete |  0
|  76|0x000000070f400000, 0x000000070f600000, 0x000000070f600000|100%|HC|  |TAMS 0x000000070f400000| PB 0x000000070f400000| Complete |  0
|  77|0x000000070f600000, 0x000000070f800000, 0x000000070f800000|100%|HS|  |TAMS 0x000000070f600000| PB 0x000000070f600000| Complete |  0
|  78|0x000000070f800000, 0x000000070fa00000, 0x000000070fa00000|100%|HC|  |TAMS 0x000000070f800000| PB 0x000000070f800000| Complete |  0
|  79|0x000000070fa00000, 0x000000070fc00000, 0x000000070fc00000|100%|HS|  |TAMS 0x000000070fa00000| PB 0x000000070fa00000| Complete |  0
|  80|0x000000070fc00000, 0x000000070fe00000, 0x000000070fe00000|100%|HC|  |TAMS 0x000000070fc00000| PB 0x000000070fc00000| Complete |  0
|  81|0x000000070fe00000, 0x0000000710000000, 0x0000000710000000|100%|HC|  |TAMS 0x000000070fe00000| PB 0x000000070fe00000| Complete |  0
|  82|0x0000000710000000, 0x0000000710200000, 0x0000000710200000|100%|HS|  |TAMS 0x0000000710000000| PB 0x0000000710000000| Complete |  0
|  83|0x0000000710200000, 0x0000000710400000, 0x0000000710400000|100%|HC|  |TAMS 0x0000000710200000| PB 0x0000000710200000| Complete |  0
|  84|0x0000000710400000, 0x0000000710600000, 0x0000000710600000|100%|HC|  |TAMS 0x0000000710400000| PB 0x0000000710400000| Complete |  0
|  85|0x0000000710600000, 0x0000000710800000, 0x0000000710800000|100%|HC|  |TAMS 0x0000000710600000| PB 0x0000000710600000| Complete |  0
|  86|0x0000000710800000, 0x0000000710a00000, 0x0000000710a00000|100%|HC|  |TAMS 0x0000000710800000| PB 0x0000000710800000| Complete |  0
|  87|0x0000000710a00000, 0x0000000710c00000, 0x0000000710c00000|100%|HS|  |TAMS 0x0000000710a00000| PB 0x0000000710a00000| Complete |  0
|  88|0x0000000710c00000, 0x0000000710e00000, 0x0000000710e00000|100%|HC|  |TAMS 0x0000000710c00000| PB 0x0000000710c00000| Complete |  0
|  89|0x0000000710e00000, 0x0000000711000000, 0x0000000711000000|100%|HC|  |TAMS 0x0000000710e00000| PB 0x0000000710e00000| Complete |  0
|  90|0x0000000711000000, 0x0000000711200000, 0x0000000711200000|100%|HS|  |TAMS 0x0000000711000000| PB 0x0000000711000000| Complete |  0
|  91|0x0000000711200000, 0x0000000711400000, 0x0000000711400000|100%|HC|  |TAMS 0x0000000711200000| PB 0x0000000711200000| Complete |  0
|  92|0x0000000711400000, 0x0000000711600000, 0x0000000711600000|100%|HC|  |TAMS 0x0000000711400000| PB 0x0000000711400000| Complete |  0
|  93|0x0000000711600000, 0x0000000711800000, 0x0000000711800000|100%|HS|  |TAMS 0x0000000711600000| PB 0x0000000711600000| Complete |  0
|  94|0x0000000711800000, 0x0000000711a00000, 0x0000000711a00000|100%|HC|  |TAMS 0x0000000711800000| PB 0x0000000711800000| Complete |  0
|  95|0x0000000711a00000, 0x0000000711c00000, 0x0000000711c00000|100%|HC|  |TAMS 0x0000000711a00000| PB 0x0000000711a00000| Complete |  0
|  96|0x0000000711c00000, 0x0000000711e00000, 0x0000000711e00000|100%|HS|  |TAMS 0x0000000711c00000| PB 0x0000000711c00000| Complete |  0
|  97|0x0000000711e00000, 0x0000000712000000, 0x0000000712000000|100%|HC|  |TAMS 0x0000000711e00000| PB 0x0000000711e00000| Complete |  0
|  98|0x0000000712000000, 0x0000000712200000, 0x0000000712200000|100%|HS|  |TAMS 0x0000000712000000| PB 0x0000000712000000| Complete |  0
|  99|0x0000000712200000, 0x0000000712400000, 0x0000000712400000|100%|HC|  |TAMS 0x0000000712200000| PB 0x0000000712200000| Complete |  0
| 100|0x0000000712400000, 0x0000000712600000, 0x0000000712600000|100%|HC|  |TAMS 0x0000000712400000| PB 0x0000000712400000| Complete |  0
| 101|0x0000000712600000, 0x0000000712600000, 0x0000000712800000|  0%| F|  |TAMS 0x0000000712600000| PB 0x0000000712600000| Untracked |  0
| 102|0x0000000712800000, 0x0000000712800000, 0x0000000712a00000|  0%| F|  |TAMS 0x0000000712800000| PB 0x0000000712800000| Untracked |  0
| 103|0x0000000712a00000, 0x0000000712bcff58, 0x0000000712c00000| 90%| E|  |TAMS 0x0000000712a00000| PB 0x0000000712a00000| Complete |  0
| 104|0x0000000712c00000, 0x0000000712e00000, 0x0000000712e00000|100%| E|  |TAMS 0x0000000712c00000| PB 0x0000000712c00000| Complete |  0
| 105|0x0000000712e00000, 0x0000000713000000, 0x0000000713000000|100%| E|CS|TAMS 0x0000000712e00000| PB 0x0000000712e00000| Complete |  0
| 106|0x0000000713000000, 0x0000000713200000, 0x0000000713200000|100%| E|CS|TAMS 0x0000000713000000| PB 0x0000000713000000| Complete |  0
| 107|0x0000000713200000, 0x0000000713400000, 0x0000000713400000|100%| E|CS|TAMS 0x0000000713200000| PB 0x0000000713200000| Complete |  0
| 108|0x0000000713400000, 0x0000000713600000, 0x0000000713600000|100%| E|CS|TAMS 0x0000000713400000| PB 0x0000000713400000| Complete |  0
| 109|0x0000000713600000, 0x0000000713800000, 0x0000000713800000|100%|HS|  |TAMS 0x0000000713600000| PB 0x0000000713600000| Complete |  0
| 110|0x0000000713800000, 0x0000000713a00000, 0x0000000713a00000|100%|HC|  |TAMS 0x0000000713800000| PB 0x0000000713800000| Complete |  0
| 111|0x0000000713a00000, 0x0000000713c00000, 0x0000000713c00000|100%|HC|  |TAMS 0x0000000713a00000| PB 0x0000000713a00000| Complete |  0
| 112|0x0000000713c00000, 0x0000000713e00000, 0x0000000713e00000|100%|HC|  |TAMS 0x0000000713c00000| PB 0x0000000713c00000| Complete |  0
| 113|0x0000000713e00000, 0x0000000714000000, 0x0000000714000000|100%|HC|  |TAMS 0x0000000713e00000| PB 0x0000000713e00000| Complete |  0
| 114|0x0000000714000000, 0x0000000714200000, 0x0000000714200000|100%|HS|  |TAMS 0x0000000714000000| PB 0x0000000714000000| Complete |  0
| 115|0x0000000714200000, 0x0000000714400000, 0x0000000714400000|100%|HC|  |TAMS 0x0000000714200000| PB 0x0000000714200000| Complete |  0
| 116|0x0000000714400000, 0x0000000714600000, 0x0000000714600000|100%|HC|  |TAMS 0x0000000714400000| PB 0x0000000714400000| Complete |  0
| 117|0x0000000714600000, 0x0000000714800000, 0x0000000714800000|100%|HS|  |TAMS 0x0000000714600000| PB 0x0000000714600000| Complete |  0
| 118|0x0000000714800000, 0x0000000714a00000, 0x0000000714a00000|100%|HC|  |TAMS 0x0000000714800000| PB 0x0000000714800000| Complete |  0
| 119|0x0000000714a00000, 0x0000000714c00000, 0x0000000714c00000|100%|HC|  |TAMS 0x0000000714a00000| PB 0x0000000714a00000| Complete |  0
| 160|0x0000000719c00000, 0x0000000719d0edd0, 0x0000000719e00000| 52%| S|CS|TAMS 0x0000000719c00000| PB 0x0000000719c00000| Complete |  0
| 186|0x000000071d000000, 0x000000071d200000, 0x000000071d200000|100%| E|CS|TAMS 0x000000071d000000| PB 0x000000071d000000| Complete |  0
| 187|0x000000071d200000, 0x000000071d400000, 0x000000071d400000|100%| E|CS|TAMS 0x000000071d200000| PB 0x000000071d200000| Complete |  0
|1997|0x00000007ff600000, 0x00000007ff77cf40, 0x00000007ff800000| 74%| O|Cm|TAMS 0x00000007ff600000| PB 0x00000007ff600000| Complete |  0
|1998|0x00000007ff800000, 0x00000007ffa00000, 0x00000007ffa00000|100%| O|  |TAMS 0x00000007ff800000| PB 0x00000007ff800000| Untracked |  0
|1999|0x00000007ffa00000, 0x00000007ffc00000, 0x00000007ffc00000|100%| O|  |TAMS 0x00000007ffa00000| PB 0x00000007ffa00000| Untracked |  0
|2000|0x00000007ffc00000, 0x00000007ffe00000, 0x00000007ffe00000|100%| O|  |TAMS 0x00000007ffc00000| PB 0x00000007ffc00000| Untracked |  0
|2001|0x00000007ffe00000, 0x0000000800000000, 0x0000000800000000|100%| E|CS|TAMS 0x00000007ffe00000| PB 0x00000007ffe00000| Complete |  0

Card table byte_map: [0x000001fa43860000,0x000001fa44040000] _byte_map_base: 0x000001fa40032000

Marking Bits: (CMBitMap*) 0x000001fa357e4550
 Bits: [0x000001fa44040000, 0x000001fa47ed0000)

Polling page: 0x000001fa354b0000

Metaspace:

Usage:
  Non-class:     75.45 MB used.
      Class:     12.76 MB used.
       Both:     88.22 MB used.

Virtual space:
  Non-class space:      128.00 MB reserved,      76.31 MB ( 60%) committed,  2 nodes.
      Class space:        1.00 GB reserved,      13.38 MB (  1%) committed,  1 nodes.
             Both:        1.12 GB reserved,      89.69 MB (  8%) committed. 

Chunk freelists:
   Non-Class:  3.74 MB
       Class:  2.92 MB
        Both:  6.67 MB

MaxMetaspaceSize: unlimited
CompressedClassSpaceSize: 1.00 GB
Initial GC threshold: 21.00 MB
Current GC threshold: 149.50 MB
CDS: on
 - commit_granule_bytes: 65536.
 - commit_granule_words: 8192.
 - virtual_space_node_default_size: 8388608.
 - enlarge_chunks_in_place: 1.
 - use_allocation_guard: 0.


Internal statistics:

num_allocs_failed_limit: 9.
num_arena_births: 1438.
num_arena_deaths: 504.
num_vsnodes_births: 3.
num_vsnodes_deaths: 0.
num_space_committed: 1435.
num_space_uncommitted: 0.
num_chunks_returned_to_freelist: 561.
num_chunks_taken_from_freelist: 4620.
num_chunk_merges: 137.
num_chunk_splits: 3346.
num_chunks_enlarged: 2625.
num_inconsistent_stats: 0.

CodeCache: size=49152Kb used=24252Kb max_used=24823Kb free=24899Kb
 bounds [0x000001fa3f250000, 0x000001fa40aa0000, 0x000001fa42250000]
 total_blobs=13011 nmethods=12206 adapters=725
 compilation: enabled
              stopped_count=0, restarted_count=0
 full_count=0

Compilation events (20 events):
Event: 440.433 Thread 0x000001fa901458f0 nmethod 16493 0x000001fa3f96fb90 code [0x000001fa3f96fd80, 0x000001fa3f970468]
Event: 440.433 Thread 0x000001fa94a91820 nmethod 16495 0x000001fa3f4e0390 code [0x000001fa3f4e0560, 0x000001fa3f4e08f8]
Event: 440.434 Thread 0x000001fa94ea0560 16496   !   1       org.apache.coyote.http11.Http11Processor::prepareResponse (919 bytes)
Event: 440.434 Thread 0x000001fa901458f0 16497       1       jakarta.servlet.GenericServlet::getServletConfig (5 bytes)
Event: 440.435 Thread 0x000001fa901458f0 nmethod 16497 0x000001fa3f9f6610 code [0x000001fa3f9f67a0, 0x000001fa3f9f6870]
Event: 440.439 Thread 0x000001fa94ea0560 nmethod 16496 0x000001fa40a8dd90 code [0x000001fa40a8e420, 0x000001fa40a90898]
Event: 440.748 Thread 0x000001fa947468a0 16498       1       java.util.Calendar::isExternallySet (16 bytes)
Event: 440.748 Thread 0x000001fa947468a0 nmethod 16498 0x000001fa3f731f90 code [0x000001fa3f732120, 0x000001fa3f732228]
Event: 440.781 Thread 0x000001fa947468a0 16499       1       sun.util.calendar.Gregorian::getCalendarDate (10 bytes)
Event: 440.781 Thread 0x000001fa94ea0560 16500       1       sun.util.calendar.AbstractCalendar::getCalendarDate (217 bytes)
Event: 440.781 Thread 0x000001fa901458f0 16502       1       sun.util.calendar.BaseCalendar::isLeapYear (12 bytes)
Event: 440.781 Thread 0x000001fa94a91820 16501       1       sun.util.calendar.AbstractCalendar::setTimeOfDay (116 bytes)
Event: 440.781 Thread 0x000001fa947468a0 nmethod 16499 0x000001fa3f765d10 code [0x000001fa3f765ea0, 0x000001fa3f765fc0]
Event: 440.781 Thread 0x000001fa947468a0 16503       1       org.hibernate.persister.entity.AbstractEntityPersister::hasSubclasses (8 bytes)
Event: 440.781 Thread 0x000001fa901458f0 nmethod 16502 0x000001fa3f9c4d90 code [0x000001fa3f9c4f40, 0x000001fa3f9c5068]
Event: 440.781 Thread 0x000001fa947468a0 nmethod 16503 0x000001fa3fa03210 code [0x000001fa3fa033a0, 0x000001fa3fa03480]
Event: 440.782 Thread 0x000001fa94a91820 nmethod 16501 0x000001fa3f5f1e90 code [0x000001fa3f5f2040, 0x000001fa3f5f2318]
Event: 440.782 Thread 0x000001fa94ea0560 nmethod 16500 0x000001fa3f515f10 code [0x000001fa3f516120, 0x000001fa3f516790]
Event: 440.804 Thread 0x000001fa94a91820 16504       1       com.fasterxml.jackson.databind.util.internal.LinkedDeque::linkLast (37 bytes)
Event: 440.805 Thread 0x000001fa94a91820 nmethod 16504 0x000001fa3f6a6390 code [0x000001fa3f6a6540, 0x000001fa3f6a68c8]

GC Heap History (20 events):
Event: 44.656 GC heap before
{Heap before GC invocations=45 (full 1):
 garbage-first heap   total reserved 4100096K, committed 143360K, used 128562K [0x0000000705c00000, 0x0000000800000000)
  region size 2048K, 36 young (73728K), 2 survivors (4096K)
 Metaspace       used 87834K, committed 88768K, reserved 1179648K
  class space    used 12864K, committed 13248K, reserved 1048576K
}
Event: 44.661 GC heap after
{Heap after GC invocations=46 (full 1):
 garbage-first heap   total reserved 4100096K, committed 143360K, used 58617K [0x0000000705c00000, 0x0000000800000000)
  region size 2048K, 2 young (4096K), 2 survivors (4096K)
 Metaspace       used 87834K, committed 88768K, reserved 1179648K
  class space    used 12864K, committed 13248K, reserved 1048576K
}
Event: 47.028 GC heap before
{Heap before GC invocations=46 (full 1):
 garbage-first heap   total reserved 4100096K, committed 143360K, used 128249K [0x0000000705c00000, 0x0000000800000000)
  region size 2048K, 36 young (73728K), 2 survivors (4096K)
 Metaspace       used 88548K, committed 89472K, reserved 1179648K
  class space    used 12941K, committed 13312K, reserved 1048576K
}
Event: 47.038 GC heap after
{Heap after GC invocations=47 (full 1):
 garbage-first heap   total reserved 4100096K, committed 143360K, used 62444K [0x0000000705c00000, 0x0000000800000000)
  region size 2048K, 4 young (8192K), 4 survivors (8192K)
 Metaspace       used 88548K, committed 89472K, reserved 1179648K
  class space    used 12941K, committed 13312K, reserved 1048576K
}
Event: 47.756 GC heap before
{Heap before GC invocations=48 (full 1):
 garbage-first heap   total reserved 4100096K, committed 143360K, used 123884K [0x0000000705c00000, 0x0000000800000000)
  region size 2048K, 34 young (69632K), 4 survivors (8192K)
 Metaspace       used 88807K, committed 89792K, reserved 1179648K
  class space    used 12981K, committed 13376K, reserved 1048576K
}
Event: 47.775 GC heap after
{Heap after GC invocations=49 (full 1):
 garbage-first heap   total reserved 4100096K, committed 143360K, used 65010K [0x0000000705c00000, 0x0000000800000000)
  region size 2048K, 4 young (8192K), 4 survivors (8192K)
 Metaspace       used 88807K, committed 89792K, reserved 1179648K
  class space    used 12981K, committed 13376K, reserved 1048576K
}
Event: 48.643 GC heap before
{Heap before GC invocations=49 (full 1):
 garbage-first heap   total reserved 4100096K, committed 143360K, used 124402K [0x0000000705c00000, 0x0000000800000000)
  region size 2048K, 33 young (67584K), 4 survivors (8192K)
 Metaspace       used 89392K, committed 90304K, reserved 1179648K
  class space    used 13022K, committed 13376K, reserved 1048576K
}
Event: 48.652 GC heap after
{Heap after GC invocations=50 (full 1):
 garbage-first heap   total reserved 4100096K, committed 172032K, used 68808K [0x0000000705c00000, 0x0000000800000000)
  region size 2048K, 4 young (8192K), 4 survivors (8192K)
 Metaspace       used 89392K, committed 90304K, reserved 1179648K
  class space    used 13022K, committed 13376K, reserved 1048576K
}
Event: 51.277 GC heap before
{Heap before GC invocations=50 (full 1):
 garbage-first heap   total reserved 4100096K, committed 172032K, used 150728K [0x0000000705c00000, 0x0000000800000000)
  region size 2048K, 44 young (90112K), 4 survivors (8192K)
 Metaspace       used 90504K, committed 91456K, reserved 1179648K
  class space    used 13138K, committed 13504K, reserved 1048576K
}
Event: 51.288 GC heap after
{Heap after GC invocations=51 (full 1):
 garbage-first heap   total reserved 4100096K, committed 172032K, used 73009K [0x0000000705c00000, 0x0000000800000000)
  region size 2048K, 5 young (10240K), 5 survivors (10240K)
 Metaspace       used 90504K, committed 91456K, reserved 1179648K
  class space    used 13138K, committed 13504K, reserved 1048576K
}
Event: 53.402 GC heap before
{Heap before GC invocations=51 (full 1):
 garbage-first heap   total reserved 4100096K, committed 172032K, used 79153K [0x0000000705c00000, 0x0000000800000000)
  region size 2048K, 9 young (18432K), 5 survivors (10240K)
 Metaspace       used 90596K, committed 91648K, reserved 1179648K
  class space    used 13152K, committed 13632K, reserved 1048576K
}
Event: 53.405 GC heap after
{Heap after GC invocations=52 (full 1):
 garbage-first heap   total reserved 4100096K, committed 172032K, used 73879K [0x0000000705c00000, 0x0000000800000000)
  region size 2048K, 3 young (6144K), 3 survivors (6144K)
 Metaspace       used 90596K, committed 91648K, reserved 1179648K
  class space    used 13152K, committed 13632K, reserved 1048576K
}
Event: 54.105 GC heap before
{Heap before GC invocations=53 (full 1):
 garbage-first heap   total reserved 4100096K, committed 217088K, used 213143K [0x0000000705c00000, 0x0000000800000000)
  region size 2048K, 8 young (16384K), 3 survivors (6144K)
 Metaspace       used 90677K, committed 91712K, reserved 1179648K
  class space    used 13167K, committed 13632K, reserved 1048576K
}
Event: 54.108 GC heap after
{Heap after GC invocations=54 (full 1):
 garbage-first heap   total reserved 4100096K, committed 223232K, used 147556K [0x0000000705c00000, 0x0000000800000000)
  region size 2048K, 3 young (6144K), 3 survivors (6144K)
 Metaspace       used 90677K, committed 91712K, reserved 1179648K
  class space    used 13167K, committed 13632K, reserved 1048576K
}
Event: 54.858 GC heap before
{Heap before GC invocations=54 (full 1):
 garbage-first heap   total reserved 4100096K, committed 382976K, used 378980K [0x0000000705c00000, 0x0000000800000000)
  region size 2048K, 7 young (14336K), 3 survivors (6144K)
 Metaspace       used 90690K, committed 91712K, reserved 1179648K
  class space    used 13169K, committed 13632K, reserved 1048576K
}
Event: 54.862 GC heap after
{Heap after GC invocations=55 (full 1):
 garbage-first heap   total reserved 4100096K, committed 393216K, used 199070K [0x0000000705c00000, 0x0000000800000000)
  region size 2048K, 1 young (2048K), 1 survivors (2048K)
 Metaspace       used 90690K, committed 91712K, reserved 1179648K
  class space    used 13169K, committed 13632K, reserved 1048576K
}
Event: 294.795 GC heap before
{Heap before GC invocations=55 (full 1):
 garbage-first heap   total reserved 4100096K, committed 393216K, used 391582K [0x0000000705c00000, 0x0000000800000000)
  region size 2048K, 72 young (147456K), 1 survivors (2048K)
 Metaspace       used 90779K, committed 91840K, reserved 1179648K
  class space    used 13192K, committed 13696K, reserved 1048576K
}
Event: 294.798 GC heap after
{Heap after GC invocations=56 (full 1):
 garbage-first heap   total reserved 4100096K, committed 395264K, used 70163K [0x0000000705c00000, 0x0000000800000000)
  region size 2048K, 1 young (2048K), 1 survivors (2048K)
 Metaspace       used 90779K, committed 91840K, reserved 1179648K
  class space    used 13192K, committed 13696K, reserved 1048576K
}
Event: 436.488 GC heap before
{Heap before GC invocations=56 (full 1):
 garbage-first heap   total reserved 4100096K, committed 395264K, used 123411K [0x0000000705c00000, 0x0000000800000000)
  region size 2048K, 28 young (57344K), 1 survivors (2048K)
 Metaspace       used 90779K, committed 91840K, reserved 1179648K
  class space    used 13192K, committed 13696K, reserved 1048576K
}
Event: 436.578 GC heap after
{Heap after GC invocations=57 (full 1):
 garbage-first heap   total reserved 4100096K, committed 395264K, used 69783K [0x0000000705c00000, 0x0000000800000000)
  region size 2048K, 1 young (2048K), 1 survivors (2048K)
 Metaspace       used 90779K, committed 91840K, reserved 1179648K
  class space    used 13192K, committed 13696K, reserved 1048576K
}

Dll operation events (13 events):
Event: 0.010 Loaded shared library C:\Program Files\Java\jdk-22\bin\java.dll
Event: 0.118 Loaded shared library C:\Program Files\Java\jdk-22\bin\zip.dll
Event: 0.122 Loaded shared library C:\Program Files\Java\jdk-22\bin\instrument.dll
Event: 0.124 Loaded shared library C:\Program Files\Java\jdk-22\bin\net.dll
Event: 0.126 Loaded shared library C:\Program Files\Java\jdk-22\bin\nio.dll
Event: 0.128 Loaded shared library C:\Program Files\Java\jdk-22\bin\zip.dll
Event: 0.271 Loaded shared library C:\Program Files\JetBrains\IntelliJ IDEA 2024.1.3\bin\breakgen64.dll
Event: 0.275 Loaded shared library C:\Program Files\Java\jdk-22\bin\jimage.dll
Event: 0.279 Loaded shared library C:\Program Files\Java\jdk-22\bin\extnet.dll
Event: 0.290 Loaded shared library C:\Program Files\Java\jdk-22\bin\management.dll
Event: 0.297 Loaded shared library C:\Program Files\Java\jdk-22\bin\management_ext.dll
Event: 0.460 Loaded shared library C:\Program Files\Java\jdk-22\bin\verify.dll
Event: 1.108 Loaded shared library C:\Program Files\Java\jdk-22\bin\sunmscapi.dll

Deoptimization events (8 events):
Event: 1.774 Thread 0x000001fa91420680 DEOPT PACKING pc=0x000001fa3fe27eec sp=0x0000000d835fd690
Event: 1.774 Thread 0x000001fa91420680 DEOPT UNPACKING pc=0x000001fa3f2a4e42 sp=0x0000000d835fcb48 mode 0
Event: 4.172 Thread 0x000001fa91420680 DEOPT PACKING pc=0x000001fa3fc51fe9 sp=0x0000000d835fbb90
Event: 4.172 Thread 0x000001fa91420680 DEOPT UNPACKING pc=0x000001fa3f2a4e42 sp=0x0000000d835fb098 mode 3
Event: 4.172 Thread 0x000001fa91420680 DEOPT PACKING pc=0x000001fa3fc4cdba sp=0x0000000d835fbb50
Event: 4.172 Thread 0x000001fa91420680 DEOPT UNPACKING pc=0x000001fa3f2a4e42 sp=0x0000000d835fb098 mode 3
Event: 4.223 Thread 0x000001fa91420680 DEOPT PACKING pc=0x000001fa3fc46e3c sp=0x0000000d835fc000
Event: 4.223 Thread 0x000001fa91420680 DEOPT UNPACKING pc=0x000001fa3f2a4e42 sp=0x0000000d835fb558 mode 0

Classes loaded (20 events):
Event: 38.123 Loading class java/util/concurrent/locks/AbstractQueuedSynchronizer$SharedNode
Event: 38.123 Loading class java/util/concurrent/locks/AbstractQueuedSynchronizer$SharedNode done
Event: 38.129 Loading class java/util/AbstractMap$2
Event: 38.129 Loading class java/util/AbstractMap$2 done
Event: 38.129 Loading class java/util/AbstractMap$ValueIterator
Event: 38.129 Loading class java/util/AbstractMap$ValueIterator done
Event: 38.132 Loading class sun/security/ssl/Alert
Event: 38.132 Loading class sun/security/ssl/Alert done
Event: 38.133 Loading class sun/security/ssl/Alert$AlertConsumer
Event: 38.133 Loading class sun/security/ssl/Alert$AlertConsumer done
Event: 38.133 Loading class sun/security/ssl/Alert$Level
Event: 38.133 Loading class sun/security/ssl/Alert$Level done
Event: 38.204 Loading class java/lang/ref/Finalizer$2
Event: 38.204 Loading class java/lang/ref/Finalizer$2 done
Event: 38.204 Loading class java/lang/ref/Finalizer$1
Event: 38.204 Loading class java/lang/ref/Finalizer$1 done
Event: 51.216 Loading class java/util/concurrent/locks/ReentrantReadWriteLock$Sync$HoldCounter
Event: 51.216 Loading class java/util/concurrent/locks/ReentrantReadWriteLock$Sync$HoldCounter done
Event: 53.372 Loading class jdk/internal/math/FDBigInteger
Event: 53.373 Loading class jdk/internal/math/FDBigInteger done

Classes unloaded (20 events):
Event: 436.864 Thread 0x000001fa4aa1aa20 Unloading class 0x000001fa4c00bc00 'java/lang/invoke/LambdaForm$MH+0x000001fa4c00bc00'
Event: 436.864 Thread 0x000001fa4aa1aa20 Unloading class 0x000001fa4c00b800 'java/lang/invoke/LambdaForm$DMH+0x000001fa4c00b800'
Event: 436.864 Thread 0x000001fa4aa1aa20 Unloading class 0x000001fa4c00b400 'java/lang/invoke/LambdaForm$DMH+0x000001fa4c00b400'
Event: 436.864 Thread 0x000001fa4aa1aa20 Unloading class 0x000001fa4c00a800 'java/lang/invoke/LambdaForm$MH+0x000001fa4c00a800'
Event: 436.864 Thread 0x000001fa4aa1aa20 Unloading class 0x000001fa4c009c00 'java/lang/invoke/LambdaForm$MH+0x000001fa4c009c00'
Event: 436.864 Thread 0x000001fa4aa1aa20 Unloading class 0x000001fa4c009800 'java/lang/invoke/LambdaForm$MH+0x000001fa4c009800'
Event: 436.864 Thread 0x000001fa4aa1aa20 Unloading class 0x000001fa4c009400 'java/lang/invoke/LambdaForm$MH+0x000001fa4c009400'
Event: 436.864 Thread 0x000001fa4aa1aa20 Unloading class 0x000001fa4c008c00 'java/lang/invoke/LambdaForm$MH+0x000001fa4c008c00'
Event: 436.864 Thread 0x000001fa4aa1aa20 Unloading class 0x000001fa4c008000 'java/lang/invoke/LambdaForm$MH+0x000001fa4c008000'
Event: 436.864 Thread 0x000001fa4aa1aa20 Unloading class 0x000001fa4c006c00 'java/lang/invoke/LambdaForm$MH+0x000001fa4c006c00'
Event: 436.864 Thread 0x000001fa4aa1aa20 Unloading class 0x000001fa4c006800 'java/lang/invoke/LambdaForm$MH+0x000001fa4c006800'
Event: 436.864 Thread 0x000001fa4aa1aa20 Unloading class 0x000001fa4c006000 'java/lang/invoke/LambdaForm$MH+0x000001fa4c006000'
Event: 436.864 Thread 0x000001fa4aa1aa20 Unloading class 0x000001fa4c005800 'java/lang/invoke/LambdaForm$MH+0x000001fa4c005800'
Event: 436.864 Thread 0x000001fa4aa1aa20 Unloading class 0x000001fa4c005000 'java/lang/invoke/LambdaForm$MH+0x000001fa4c005000'
Event: 436.864 Thread 0x000001fa4aa1aa20 Unloading class 0x000001fa4c004800 'java/lang/invoke/LambdaForm$MH+0x000001fa4c004800'
Event: 436.864 Thread 0x000001fa4aa1aa20 Unloading class 0x000001fa4c004000 'java/lang/invoke/LambdaForm$MH+0x000001fa4c004000'
Event: 436.864 Thread 0x000001fa4aa1aa20 Unloading class 0x000001fa4c002400 'java/lang/invoke/LambdaForm$MH+0x000001fa4c002400'
Event: 436.864 Thread 0x000001fa4aa1aa20 Unloading class 0x000001fa4c002000 'java/lang/invoke/LambdaForm$MH+0x000001fa4c002000'
Event: 436.864 Thread 0x000001fa4aa1aa20 Unloading class 0x000001fa4c001c00 'java/lang/invoke/LambdaForm$MH+0x000001fa4c001c00'
Event: 436.864 Thread 0x000001fa4aa1aa20 Unloading class 0x000001fa4c001400 'java/lang/invoke/LambdaForm$MH+0x000001fa4c001400'

Classes redefined (0 events):
No events

Internal exceptions (20 events):
Event: 40.202 Thread 0x000001fa91209a90 Exception <a 'java/io/FileNotFoundException'{0x000000070b8eaf48}> (0x000000070b8eaf48) 
thrown [s\open\src\hotspot\share\prims\jni.cpp, line 520]
Event: 40.202 Thread 0x000001fa91209a90 Exception <a 'java/io/FileNotFoundException'{0x000000070b8f4cf8}> (0x000000070b8f4cf8) 
thrown [s\open\src\hotspot\share\prims\jni.cpp, line 520]
Event: 40.353 Thread 0x000001fa91206610 Exception <a 'java/lang/InterruptedException'{0x000000070a9f8818}: sleep interrupted> (0x000000070a9f8818) 
thrown [s\open\src\hotspot\share\prims\jvm.cpp, line 3093]
Event: 40.367 Thread 0x000001fa91209a90 Exception <a 'java/lang/NoClassDefFoundError'{0x000000070a6a7ce0}: jakarta/validation/ValidationException> (0x000000070a6a7ce0) 
thrown [s\open\src\hotspot\share\classfile\systemDictionary.cpp, line 302]
Event: 40.368 Thread 0x000001fa91209a90 Exception <a 'java/lang/NoClassDefFoundError'{0x000000070a6b0e78}: liquibase/exception/ChangeLogParseException> (0x000000070a6b0e78) 
thrown [s\open\src\hotspot\share\classfile\systemDictionary.cpp, line 302]
Event: 40.373 Thread 0x000001fa91209a90 Exception <a 'java/lang/NoClassDefFoundError'{0x000000070a723a60}: org/jooq/DSLContext> (0x000000070a723a60) 
thrown [s\open\src\hotspot\share\classfile\systemDictionary.cpp, line 302]
Event: 40.374 Thread 0x000001fa91209a90 Exception <a 'java/lang/NoClassDefFoundError'{0x000000070a726640}: io/r2dbc/spi/ConnectionFactory> (0x000000070a726640) 
thrown [s\open\src\hotspot\share\classfile\systemDictionary.cpp, line 302]
Event: 46.214 Thread 0x000001fa9120a120 Exception <a 'sun/nio/fs/WindowsException'{0x000000070da8b450}> (0x000000070da8b450) 
thrown [s\open\src\hotspot\share\prims\jni.cpp, line 520]
Event: 46.973 Thread 0x000001fa9120a120 Exception <a 'java/lang/NoClassDefFoundError'{0x000000070a99acc0}: org/flywaydb/core/Flyway> (0x000000070a99acc0) 
thrown [s\open\src\hotspot\share\oops\constantPool.cpp, line 872]
Event: 46.973 Thread 0x000001fa9120a120 Exception <a 'java/lang/NoClassDefFoundError'{0x000000070a99b320}: liquibase/integration/spring/SpringLiquibase> (0x000000070a99b320) 
thrown [s\open\src\hotspot\share\oops\constantPool.cpp, line 872]
Event: 46.986 Thread 0x000001fa9120a120 Exception <a 'java/lang/NoClassDefFoundError'{0x000000070a66e460}: org/jooq/DSLContext> (0x000000070a66e460) 
thrown [s\open\src\hotspot\share\oops\constantPool.cpp, line 872]
Event: 46.988 Thread 0x000001fa9120a120 Exception <a 'java/lang/NoClassDefFoundError'{0x000000070a68aa38}: org/springframework/batch/core/repository/JobRepository> (0x000000070a68aa38) 
thrown [s\open\src\hotspot\share\oops\constantPool.cpp, line 872]
Event: 46.988 Thread 0x000001fa9120a120 Exception <a 'java/lang/NoClassDefFoundError'{0x000000070a68b090}: org/quartz/Scheduler> (0x000000070a68b090) 
thrown [s\open\src\hotspot\share\oops\constantPool.cpp, line 872]
Event: 46.988 Thread 0x000001fa9120a120 Exception <a 'java/lang/NoClassDefFoundError'{0x000000070a68b710}: org/springframework/session/jdbc/JdbcIndexedSessionRepository> (0x000000070a68b710) 
thrown [s\open\src\hotspot\share\oops\constantPool.cpp, line 872]
Event: 47.170 Thread 0x000001fa9120a120 Exception <a 'java/io/FileNotFoundException'{0x000000070dd07800}> (0x000000070dd07800) 
thrown [s\open\src\hotspot\share\prims\jni.cpp, line 520]
Event: 47.248 Thread 0x000001fa9120a120 Exception <a 'java/io/FileNotFoundException'{0x000000070d9f7f20}> (0x000000070d9f7f20) 
thrown [s\open\src\hotspot\share\prims\jni.cpp, line 520]
Event: 48.487 Thread 0x000001fa9120a120 Exception <a 'java/io/FileNotFoundException'{0x000000070b867800}> (0x000000070b867800) 
thrown [s\open\src\hotspot\share\prims\jni.cpp, line 520]
Event: 48.487 Thread 0x000001fa9120a120 Exception <a 'java/io/FileNotFoundException'{0x000000070b8715b0}> (0x000000070b8715b0) 
thrown [s\open\src\hotspot\share\prims\jni.cpp, line 520]
Event: 53.384 Thread 0x000001fa91204540 Exception <a 'java/lang/NoSuchMethodError'{0x000000071384b198}: 'double java.lang.invoke.DirectMethodHandle$Holder.invokeVirtual(java.lang.Object, java.lang.Object)'> (0x000000071384b198) 
thrown [s\open\src\hotspot\share\interpreter\linkResolver.cpp, line 774]
Event: 53.385 Thread 0x000001fa91204540 Exception <a 'java/lang/NoSuchMethodError'{0x0000000713852718}: 'double java.lang.invoke.DelegatingMethodHandle$Holder.reinvoke_L(java.lang.Object, java.lang.Object)'> (0x0000000713852718) 
thrown [s\open\src\hotspot\share\interpreter\linkResolver.cpp, line 774]

ZGC Phase Switch (0 events):
No events

VM Operations (20 events):
Event: 294.795 Executing VM operation: G1CollectForAllocation (G1 Evacuation Pause)
Event: 294.798 Executing VM operation: G1CollectForAllocation (G1 Evacuation Pause) done
Event: 295.812 Executing VM operation: Cleanup
Event: 295.812 Executing VM operation: Cleanup done
Event: 300.598 Executing VM operation: HandshakeAllThreads (HandshakeForDeflation)
Event: 300.598 Executing VM operation: HandshakeAllThreads (HandshakeForDeflation) done
Event: 300.598 Executing VM operation: RendezvousGCThreads
Event: 300.598 Executing VM operation: RendezvousGCThreads done
Event: 303.623 Executing VM operation: Cleanup
Event: 303.623 Executing VM operation: Cleanup done
Event: 436.487 Executing VM operation: G1TryInitiateConcMark (CodeCache GC Threshold)
Event: 436.578 Executing VM operation: G1TryInitiateConcMark (CodeCache GC Threshold) done
Event: 436.857 Executing VM operation: G1PauseRemark
Event: 436.981 Executing VM operation: G1PauseRemark done
Event: 437.022 Executing VM operation: G1PauseCleanup
Event: 437.022 Executing VM operation: G1PauseCleanup done
Event: 440.052 Executing VM operation: Cleanup
Event: 440.052 Executing VM operation: Cleanup done
Event: 441.062 Executing VM operation: Cleanup
Event: 441.062 Executing VM operation: Cleanup done

Events (20 events):
Event: 436.977 Thread 0x000001fa4aa1aa20 flushing nmethod 0x000001fa3fe28290
Event: 436.977 Thread 0x000001fa4aa1aa20 flushing nmethod 0x000001fa3fe2fc10
Event: 436.977 Thread 0x000001fa4aa1aa20 flushing nmethod 0x000001fa3fe43010
Event: 436.977 Thread 0x000001fa4aa1aa20 flushing nmethod 0x000001fa3fe89910
Event: 436.977 Thread 0x000001fa4aa1aa20 flushing nmethod 0x000001fa40138b90
Event: 436.977 Thread 0x000001fa4aa1aa20 flushing nmethod 0x000001fa4013cd10
Event: 436.977 Thread 0x000001fa4aa1aa20 flushing nmethod 0x000001fa401ba810
Event: 436.977 Thread 0x000001fa4aa1aa20 flushing nmethod 0x000001fa401bb890
Event: 436.977 Thread 0x000001fa4aa1aa20 flushing nmethod 0x000001fa40243410
Event: 436.977 Thread 0x000001fa4aa1aa20 flushing nmethod 0x000001fa4025a810
Event: 436.977 Thread 0x000001fa4aa1aa20 flushing nmethod 0x000001fa402c1590
Event: 436.977 Thread 0x000001fa4aa1aa20 flushing nmethod 0x000001fa4030ad10
Event: 436.977 Thread 0x000001fa4aa1aa20 flushing nmethod 0x000001fa4038d190
Event: 436.977 Thread 0x000001fa4aa1aa20 flushing nmethod 0x000001fa40667e10
Event: 436.977 Thread 0x000001fa4aa1aa20 flushing nmethod 0x000001fa40668f10
Event: 436.977 Thread 0x000001fa4aa1aa20 flushing nmethod 0x000001fa40694b10
Event: 436.977 Thread 0x000001fa4aa1aa20 flushing nmethod 0x000001fa40696b10
Event: 439.493 Thread 0x000001fa947468a0 Thread exited: 0x000001fa947468a0
Event: 439.714 Thread 0x000001fa945905f0 Thread added: 0x000001fa945905f0
Event: 439.889 Thread 0x000001fa947468a0 Thread added: 0x000001fa947468a0


Dynamic libraries:
0x00007ff63fbe0000 - 0x00007ff63fbf0000 	C:\Program Files\Java\jdk-22\bin\java.exe
0x00007ffda35f0000 - 0x00007ffda3807000 	C:\Windows\SYSTEM32\ntdll.dll
0x00007ffda1d10000 - 0x00007ffda1dd4000 	C:\Windows\System32\KERNEL32.DLL
0x00007ffda0f30000 - 0x00007ffda12ea000 	C:\Windows\System32\KERNELBASE.dll
0x00007ffda0a00000 - 0x00007ffda0b11000 	C:\Windows\System32\ucrtbase.dll
0x00007ffd8c7f0000 - 0x00007ffd8c80b000 	C:\Program Files\Java\jdk-22\bin\VCRUNTIME140.dll
0x00007ffd8be30000 - 0x00007ffd8be47000 	C:\Program Files\Java\jdk-22\bin\jli.dll
0x00007ffda1eb0000 - 0x00007ffda1f62000 	C:\Windows\System32\ADVAPI32.dll
0x00007ffda2aa0000 - 0x00007ffda2b47000 	C:\Windows\System32\msvcrt.dll
0x00007ffda3500000 - 0x00007ffda35a7000 	C:\Windows\System32\sechost.dll
0x00007ffda0de0000 - 0x00007ffda0e08000 	C:\Windows\System32\bcrypt.dll
0x00007ffda1780000 - 0x00007ffda1894000 	C:\Windows\System32\RPCRT4.dll
0x00007ffda12f0000 - 0x00007ffda149e000 	C:\Windows\System32\USER32.dll
0x00007ffda0b20000 - 0x00007ffda0b46000 	C:\Windows\System32\win32u.dll
0x00007ffd96bc0000 - 0x00007ffd96e52000 	C:\Windows\WinSxS\amd64_microsoft.windows.common-controls_6595b64144ccf1df_6.0.22621.4541_none_2710d1c57384c085\COMCTL32.dll
0x00007ffda14c0000 - 0x00007ffda14e9000 	C:\Windows\System32\GDI32.dll
0x00007ffda0e10000 - 0x00007ffda0f2b000 	C:\Windows\System32\gdi32full.dll
0x00007ffda0bd0000 - 0x00007ffda0c6a000 	C:\Windows\System32\msvcp_win.dll
0x00007ffd963b0000 - 0x00007ffd963ba000 	C:\Windows\SYSTEM32\VERSION.dll
0x00007ffda34c0000 - 0x00007ffda34f1000 	C:\Windows\System32\IMM32.DLL
0x00007ffd9c760000 - 0x00007ffd9c76c000 	C:\Program Files\Java\jdk-22\bin\vcruntime140_1.dll
0x00007ffd7ec50000 - 0x00007ffd7ecde000 	C:\Program Files\Java\jdk-22\bin\msvcp140.dll
0x00007ffd211d0000 - 0x00007ffd21f17000 	C:\Program Files\Java\jdk-22\bin\server\jvm.dll
0x00007ffda14f0000 - 0x00007ffda1561000 	C:\Windows\System32\WS2_32.dll
0x00007ffda05e0000 - 0x00007ffda062d000 	C:\Windows\SYSTEM32\POWRPROF.dll
0x00007ffd9acc0000 - 0x00007ffd9acf4000 	C:\Windows\SYSTEM32\WINMM.dll
0x00007ffda05c0000 - 0x00007ffda05d3000 	C:\Windows\SYSTEM32\UMPDC.dll
0x00007ffd9f8c0000 - 0x00007ffd9f8d8000 	C:\Windows\SYSTEM32\kernel.appcore.dll
0x00007ffd9c730000 - 0x00007ffd9c73a000 	C:\Program Files\Java\jdk-22\bin\jimage.dll
0x00007ffd9df00000 - 0x00007ffd9e132000 	C:\Windows\SYSTEM32\DBGHELP.DLL
0x00007ffda1980000 - 0x00007ffda1d0f000 	C:\Windows\System32\combase.dll
0x00007ffda18a0000 - 0x00007ffda1977000 	C:\Windows\System32\OLEAUT32.dll
0x00007ffd963c0000 - 0x00007ffd963f2000 	C:\Windows\SYSTEM32\dbgcore.DLL
0x00007ffda0b50000 - 0x00007ffda0bcb000 	C:\Windows\System32\bcryptPrimitives.dll
0x00007ffd8c7e0000 - 0x00007ffd8c7ef000 	C:\Program Files\Java\jdk-22\bin\instrument.dll
0x00007ffd8bd60000 - 0x00007ffd8bd7e000 	C:\Program Files\Java\jdk-22\bin\java.dll
0x00007ffda2c30000 - 0x00007ffda34a8000 	C:\Windows\System32\SHELL32.dll
0x00007ffda21f0000 - 0x00007ffda2395000 	C:\Windows\System32\ole32.dll
0x00007ffd9e7b0000 - 0x00007ffd9f0b8000 	C:\Windows\SYSTEM32\windows.storage.dll
0x00007ffd9e670000 - 0x00007ffd9e7af000 	C:\Windows\SYSTEM32\wintypes.dll
0x00007ffda20f0000 - 0x00007ffda21ea000 	C:\Windows\System32\SHCORE.dll
0x00007ffda1670000 - 0x00007ffda16ce000 	C:\Windows\System32\shlwapi.dll
0x00007ffda07f0000 - 0x00007ffda081b000 	C:\Windows\SYSTEM32\profapi.dll
0x00007ffd8b7c0000 - 0x00007ffd8b7d7000 	C:\Program Files\Java\jdk-22\bin\zip.dll
0x00007ffd9b7b0000 - 0x00007ffd9b7c0000 	C:\Program Files\Java\jdk-22\bin\net.dll
0x00007ffd9fd40000 - 0x00007ffd9fda9000 	C:\Windows\system32\mswsock.dll
0x00007ffd8b7e0000 - 0x00007ffd8b7f6000 	C:\Program Files\Java\jdk-22\bin\nio.dll
0x00007ffd8b580000 - 0x00007ffd8b59a000 	C:\Program Files\JetBrains\IntelliJ IDEA 2024.1.3\bin\breakgen64.dll
0x00007ffd8b3a0000 - 0x00007ffd8b3a9000 	C:\Program Files\Java\jdk-22\bin\extnet.dll
0x00007ffd9f390000 - 0x00007ffd9f492000 	C:\Windows\SYSTEM32\DNSAPI.dll
0x00007ffd9f320000 - 0x00007ffd9f34d000 	C:\Windows\SYSTEM32\IPHLPAPI.DLL
0x00007ffda1f70000 - 0x00007ffda1f79000 	C:\Windows\System32\NSI.dll
0x00007ffd9bb60000 - 0x00007ffd9bb6a000 	C:\Windows\System32\rasadhlp.dll
0x00007ffd9bc40000 - 0x00007ffd9bcc3000 	C:\Windows\System32\fwpuclnt.dll
0x00007ffd8bd50000 - 0x00007ffd8bd5a000 	C:\Program Files\Java\jdk-22\bin\management.dll
0x00007ffd8bb40000 - 0x00007ffd8bb4b000 	C:\Program Files\Java\jdk-22\bin\management_ext.dll
0x00007ffda34b0000 - 0x00007ffda34b8000 	C:\Windows\System32\PSAPI.DLL
0x00007ffd9ff60000 - 0x00007ffd9ff7b000 	C:\Windows\SYSTEM32\CRYPTSP.dll
0x00007ffd9f820000 - 0x00007ffd9f855000 	C:\Windows\system32\rsaenh.dll
0x00007ffd9fe00000 - 0x00007ffd9fe28000 	C:\Windows\SYSTEM32\USERENV.dll
0x00007ffd9ff80000 - 0x00007ffd9ff8c000 	C:\Windows\SYSTEM32\CRYPTBASE.dll
0x00007ffd76ac0000 - 0x00007ffd76ad7000 	C:\Windows\system32\napinsp.dll
0x00007ffd76aa0000 - 0x00007ffd76abb000 	C:\Windows\system32\pnrpnsp.dll
0x00007ffd76a80000 - 0x00007ffd76a91000 	C:\Windows\System32\winrnr.dll
0x00007ffd7e6e0000 - 0x00007ffd7e6f5000 	C:\Windows\system32\wshbth.dll
0x00007ffd32000000 - 0x00007ffd32027000 	C:\Windows\system32\nlansp_c.dll
0x00007ffd8b300000 - 0x00007ffd8b310000 	C:\Program Files\Java\jdk-22\bin\verify.dll
0x00007ffd8b780000 - 0x00007ffd8b78e000 	C:\Program Files\Java\jdk-22\bin\sunmscapi.dll
0x00007ffda0c70000 - 0x00007ffda0dd6000 	C:\Windows\System32\CRYPT32.dll
0x00007ffda01e0000 - 0x00007ffda020d000 	C:\Windows\SYSTEM32\ncrypt.dll
0x00007ffda01a0000 - 0x00007ffda01d7000 	C:\Windows\SYSTEM32\NTASN1.dll
0x00007ffd79970000 - 0x00007ffd79978000 	C:\Windows\system32\wshunix.dll

dbghelp: loaded successfully - version: 4.0.5 - missing functions: none
symbol engine: initialized successfully - sym options: 0x614 - pdb path: .;C:\Program Files\Java\jdk-22\bin;C:\Windows\SYSTEM32;C:\Windows\WinSxS\amd64_microsoft.windows.common-controls_6595b64144ccf1df_6.0.22621.4541_none_2710d1c57384c085;C:\Program Files\Java\jdk-22\bin\server;C:\Program Files\JetBrains\IntelliJ IDEA 2024.1.3\bin

VM Arguments:
jvm_args: -XX:TieredStopAtLevel=1 -Dspring.output.ansi.enabled=always -Dcom.sun.management.jmxremote -Dspring.jmx.enabled=true -Dspring.liveBeansView.mbeanDomain -Dspring.application.admin.enabled=true -Dmanagement.endpoints.jmx.exposure.include=* -javaagent:C:\Program Files\JetBrains\IntelliJ IDEA 2024.1.3\lib\idea_rt.jar=58592:C:\Program Files\JetBrains\IntelliJ IDEA 2024.1.3\bin -Dfile.encoding=UTF-8 -Dsun.stdout.encoding=UTF-8 -Dsun.stderr.encoding=UTF-8 
java_command: com.example.KLTN.KltnApplication
java_class_path (initial): D:\KLTN\target\classes;C:\Users\ny221\.m2\repository\com\google\cloud\google-cloud-translate\2.0.0\google-cloud-translate-2.0.0.jar;C:\Users\ny221\.m2\repository\io\grpc\grpc-api\1.39.0\grpc-api-1.39.0.jar;C:\Users\ny221\.m2\repository\io\grpc\grpc-context\1.39.0\grpc-context-1.39.0.jar;C:\Users\ny221\.m2\repository\com\google\code\findbugs\jsr305\3.0.2\jsr305-3.0.2.jar;C:\Users\ny221\.m2\repository\io\grpc\grpc-stub\1.39.0\grpc-stub-1.39.0.jar;C:\Users\ny221\.m2\repository\io\grpc\grpc-protobuf\1.39.0\grpc-protobuf-1.39.0.jar;C:\Users\ny221\.m2\repository\io\grpc\grpc-protobuf-lite\1.39.0\grpc-protobuf-lite-1.39.0.jar;C:\Users\ny221\.m2\repository\com\google\api\api-common\2.0.0\api-common-2.0.0.jar;C:\Users\ny221\.m2\repository\javax\annotation\javax.annotation-api\1.3.2\javax.annotation-api-1.3.2.jar;C:\Users\ny221\.m2\repository\com\google\auto\value\auto-value-annotations\1.8.2\auto-value-annotations-1.8.2.jar;C:\Users\ny221\.m2\repository\com\google\protobuf\protobuf-java\3.17.3\protobuf-java-3.17.3.jar;C:\Users\ny221\.m2\repository\com\google\api\grpc\proto-google-common-protos\2.3.2\proto-google-common-protos-2.3.2.jar;C:\Users\ny221\.m2\repository\com\google\api\grpc\proto-google-cloud-translate-v3beta1\0.82.0\proto-google-cloud-translate-v3beta1-0.82.0.jar;C:\Users\ny221\.m2\repository\com\google\api\grpc\proto-google-cloud-translate-v3\2.0.0\proto-google-cloud-translate-v3-2.0.0.jar;C:\Users\ny221\.m2\repository\com\google\guava\guava\30.1.1-jre\guava-30.1.1-jre.jar;C:\Users\ny221\.m2\repository\com\google\guava\failureaccess\1.0.1\failureaccess-1.0.1.jar;C:\Users\ny221\.m2\repository\com\google\guava\listenablefuture\9999.0-empty-to-avoid-conflict-with-guava\listenablefuture-9999.0-empty-to-avoid-conflict-with-guava.jar;C:\Users\ny221\.m2\repository\org\checkerframework\checker-qual\3.8.0\checker-qual-3.8.0.jar;C:\Users\ny221\.m2\repository\com\google\errorprone\error_prone_annotations\2.8.1\error_prone_annotations-2.8.1.jar;C:\Users\ny221\.m2\repository\com\google\j2objc\j2objc-annotations\1.3\j2objc-annotations-1.3.jar;C:\Users\ny221\.m2\repository\com\google\api\gax\2.0.0\gax-2.0.0.jar;C:\Users\ny221\.m2\repository\io\opencensus\opencensus-api\0.28.0\opencensus-api-0.28.0.jar;C:\Users\ny221\.m2\repository\com\google\api\gax-grpc\2.0.0\gax-grpc-2.0.0.jar;C:\Users\ny221\.m2\repository\io\grpc\grpc-auth\1.39.0\grpc-auth-1.39.0.jar;C:\Users\ny221\.m2\repository\io\grpc\grpc-netty-shaded\1.39.0\grpc-netty-shaded-1.39.0.jar;C:\Users\ny221\.m2\repository\io\perfmark\perfmark-api\0.23.0\perfmark-api-0.23.0.jar;C:\Users\ny221\.m2\repository\io\grpc\grpc-core\1.39.0\grpc-core-1.39.0.jar;C:\Users\ny221\.m2\repository\com\google\android\annotations\4.1.1.4\annotations-4.1.1.4.jar;C:\Users\ny221\.m2\repository\org\codehaus\mojo\animal-sniffer-annotations\1.20\animal-sniffer-annotations-1.20.jar;C:\Users\ny221\.m2\repository\io\grpc\grpc-alts\1.39.0\grpc-alts-1.39.0.jar;C:\Users\ny221\.m2\repository\io\grpc\grpc-grpclb\1.39.0\grpc-grpclb-1.39.0.jar;C:\Users\ny221\.m2\repository\org\conscrypt\conscrypt-openjdk-uber\2.5.1\conscrypt-openjdk-uber-2.5.1.jar;C:\Users\ny221\.m2\repository\org\threeten\threetenbp\1.5.1\threetenbp-1.5.1.jar;C:\Users\ny221\.m2\repository\com\google\cloud\google-cloud-core\2.0.2\google-cloud-core-2.0.2.jar;C:\Users\ny221\.m2\repository\com\google\protobuf\protobuf-java-util\3.17.3\protobuf-java-util-3.17.3.jar;C:\Users\ny221\.m2\repository\com\google\api\grpc\proto-google-iam-v1\1.0.14\proto-google-iam-v1-1.0.14.jar;C:\Users\ny221\.m2\repository\com\google\http-client\google-http-client-gson\1.39.2\google-http-client-gson-1.39.2.jar;C:\Users\ny221\.m2\repository\com\google\cloud\google-cloud-core-http\2.0.2\google-cloud-core-http-2.0.2.jar;C:\Users\ny221\.m2\repository\com\google\api-client\google-api-client\1.32.1\google-api-client-1.32.1.jar;C:\Users\ny221\.m2\repository\com\google\oauth-client\google-oauth-client\1.31.5\google-oauth-client-1.31.5.jar;C:\Users\ny221\.m2\repository\com\google\http-client\google-http-client-apache-v2\1.39.2\google-http-client-apache-v2-1.39.2.jar;C:\Users\ny221\.m2\repository\com\google\http-client\google-http-client-appengine\1.39.2\google-http-client-appengine-1.39.2.jar;C:\Users\ny221\.m2\repository\com\google\api\gax-httpjson\0.85.0\gax-httpjson-0.85.0.jar;C:\Users\ny221\.m2\repository\io\opencensus\opencensus-contrib-http-util\0.28.0\opencensus-contrib-http-util-0.28.0.jar;C:\Users\ny221\.m2\repository\com\google\apis\google-api-services-translate\v2-rev20170525-1.32.1\google-api-services-translate-v2-rev20170525-1.32.1.jar;C:\Users\ny221\.m2\repository\com\google\auth\google-auth-library-credentials\1.0.0\google-auth-library-credentials-1.0.0.jar;C:\Users\ny221\.m2\repository\com\google\auth\google-auth-library-oauth2-http\1.0.0\google-auth-library-oauth2-http-1.0.0.jar;C:\Users\ny221\.m2\repository\com\google\http-client\google-http-client\1.39.2\google-http-client-1.39.2.jar;C:\Users\ny221\.m2\repository\commons-logging\commons-logging\1.2\commons-logging-1.2.jar;C:\Users\ny221\.m2\repository\commons-codec\commons-codec\1.16.1\commons-codec-1.16.1.jar;C:\Users\ny221\.m2\repository\org\apache\httpcomponents\httpcore\4.4.16\httpcore-4.4.16.jar;C:\Users\ny221\.m2\repository\com\google\http-client\google-http-client-jackson2\1.39.2\google-http-client-jackson2-1.39.2.jar;C:\Users\ny221\.m2\repository\com\fasterxml\jackson\core\jackson-core\2.17.2\jackson-core-2.17.2.jar;C:\Users\ny221\.m2\repository\org\springframework\boot\spring-boot-starter-oauth2-resource-server\3.3.2\spring-boot-starter-oauth2-resource-server-3.3.2.jar;C:\Users\ny221\.m2\repository\org\springframework\boot\spring-boot-starter\3.3.2\spring-boot-starter-3.3.2.jar;C:\Users\ny221\.m2\repository\org\springframework\boot\spring-boot-starter-logging\3.3.2\spring-boot-starter-logging-3.3.2.jar;C:\Users\ny221\.m2\repository\ch\qos\logback\logback-classic\1.5.6\logback-classic-1.5.6.jar;C:\Users\ny221\.m2\repository\ch\qos\logback\logback-core\1.5.6\logback-core-1.5.6.jar;C:\Users\ny221\.m2\repository\org\apache\logging\log4j\log4j-to-slf4j\2.23.1\log4j-to-slf4j-2.23.1.jar;C:\Users\ny221\.m2\repository\org\apache\logging\log4j\log4j-api\2.23.1\log4j-api-2.23.1.jar;C:\Users\ny221\.m2\repository\org\slf4j\jul-to-slf4j\2.0.13\jul-to-slf4j-2.0.13.jar;C:\Users\ny221\.m2\repository\jakarta\annotation\jakarta.annotation-api\2.1.1\jakarta.annotation-api-2.1.1.jar;C:\Users\ny221\.m2\repository\org\yaml\snakeyaml\2.2\snakeyaml-2.2.jar;C:\Users\ny221\.m2\repository\org\springframework\security\spring-security-config\6.3.1\spring-security-config-6.3.1.jar;C:\Users\ny221\.m2\repository\org\springframework\spring-beans\6.1.11\spring-beans-6.1.11.jar;C:\Users\ny221\.m2\repository\org\springframework\spring-context\6.1.11\spring-context-6.1.11.jar;C:\Users\ny221\.m2\repository\org\springframework\security\spring-security-core\6.3.1\spring-security-core-6.3.1.jar;C:\Users\ny221\.m2\repository\org\springframework\security\spring-security-crypto\6.3.1\spring-security-crypto-6.3.1.jar;C:\Users\ny221\.m2\repository\org\springframework\spring-expression\6.1.11\spring-expression-6.1.11.jar;C:\Users\ny221\.m2\repository\io\micrometer\micrometer-observation\1.13.2\micrometer-observation-1.13.2.jar;C:\Users\ny221\.m2\repository\io\micrometer\micrometer-commons\1.13.2\micrometer-commons-1.13.2.jar;C:\Users\ny221\.m2\repository\org\springframework\security\spring-security-oauth2-resource-server\6.3.1\spring-security-oauth2-resource-server-6.3.1.jar;C:\Users\ny221\.m2\repository\org\springframework\security\spring-security-oauth2-core\6.3.1\spring-security-oauth2-core-6.3.1.jar;C:\Users\ny221\.m2\repository\org\springframework\security\spring-security-oauth2-jose\6.3.1\spring-security-oauth2-jose-6.3.1.jar;C:\Users\ny221\.m2\repository\com\nimbusds\nimbus-jose-jwt\9.37.3\nimbus-jose-jwt-9.37.3.jar;C:\Users\ny221\.m2\repository\com\github\stephenc\jcip\jcip-annotations\1.0-1\jcip-annotations-1.0-1.jar;C:\Users\ny221\.m2\repository\com\squareup\okhttp3\okhttp\4.9.3\okhttp-4.9.3.jar;C:\Users\ny221\.m2\repository\com\squareup\okio\okio\2.8.0\okio-2.8.0.jar;C:\Users\ny221\.m2\repository\org\jetbrains\kotlin\kotlin-stdlib-common\1.9.24\kotlin-stdlib-common-1.9.24.jar;C:\Users\ny221\.m2\repository\org\jetbrains\kotlin\kotlin-stdlib\1.9.24\kotlin-stdlib-1.9.24.jar;C:\Users\ny221\.m2\repository\org\jetbrains\annotations\13.0\annotations-13.0.jar;C:\Users\ny221\.m2\repository\org\bitcoinj\bitcoinj-core\0.15.10\bitcoinj-core-0.15.10.jar;C:\Users\ny221\.m2\repository\org\bouncycastle\bcprov-jdk15to18\1.68\bcprov-jdk15to18-1.68.jar;C:\Users\ny221\.m2\repository\org\slf4j\slf4j-api\2.0.13\slf4j-api-2.0.13.jar;C:\Users\ny221\.m2\repository\net\jcip\jcip-annotations\1.0\jcip-annotations-1.0.jar;C:\Users\ny221\.m2\repository\com\fasterxml\jackson\core\jackson-databind\2.14.1\jackson-databind-2.14.1.jar;C:\Users\ny221\.m2\repository\com\fasterxml\jackson\core\jackson-annotations\2.17.2\jackson-annotations-2.17.2.jar;C:\Users\ny221\.m2\repository\com\google\code\gson\gson\2.10.1\gson-2.10.1.jar;C:\Users\ny221\.m2\repository\org\json\json\20210307\json-20210307.jar;C:\Users\ny221\.m2\repository\org\apache\httpcomponents\httpclient\4.5.13\httpclient-4.5.13.jar;C:\Users\ny221\.m2\repository\io\jsonwebtoken\jjwt\0.9.1\jjwt-0.9.1.jar;C:\Users\ny221\.m2\repository\javax\xml\bind\jaxb-api\2.3.1\jaxb-api-2.3.1.jar;C:\Users\ny221\.m2\repository\javax\activation\javax.activation-api\1.2.0\javax.activation-api-1.2.0.jar;C:\Users\ny221\.m2\repository\org\glassfish\jaxb\jaxb-runtime\2.3.1\jaxb-runtime-2.3.1.jar;C:\Users\ny221\.m2\repository\org\glassfish\jaxb\txw2\4.0.5\txw2-4.0.5.jar;C:\Users\ny221\.m2\repository\com\sun\istack\istack-commons-runtime\4.1.2\istack-commons-runtime-4.1.2.jar;C:\Users\ny221\.m2\repository\org\jvnet\staxex\stax-ex\2.1.0\stax-ex-2.1.0.jar;C:\Users\ny221\.m2\repository\jakarta\activation\jakarta.activation-api\2.1.3\jakarta.activation-api-2.1.3.jar;C:\Users\ny221\.m2\repository\com\sun\xml\fastinfoset\FastInfoset\2.1.1\FastInfoset-2.1.1.jar;C:\Users\ny221\.m2\repository\com\mysql\mysql-connector-j\8.3.0\mysql-connector-j-8.3.0.jar;C:\Users\ny221\.m2\repository\org\springframework\boot\spring-boot-starter-security\3.3.2\spring-boot-starter-security-3.3.2.jar;C:\Users\ny221\.m2\repository\org\springframework\spring-aop\6.1.11\spring-aop-6.1.11.jar;C:\Users\ny221\.m2\repository\org\springframework\security\spring-security-web\6.3.1\spring-security-web-6.3.1.jar;C:\Users\ny221\.m2\repository\org\springframework\boot\spring-boot-starter-oauth2-client\3.3.2\spring-boot-starter-oauth2-client-3.3.2.jar;C:\Users\ny221\.m2\repository\org\springframework\security\spring-security-oauth2-client\6.3.1\spring-security-oauth2-client-6.3.1.jar;C:\Users\ny221\.m2\repository\com\nimbusds\oauth2-oidc-sdk\9.43.4\oauth2-oidc-sdk-9.43.4.jar;C:\Users\ny221\.m2\repository\com\nimbusds\content-type\2.2\content-type-2.2.jar;C:\Users\ny221\.m2\repository\com\nimbusds\lang-tag\1.7\lang-tag-1.7.jar;C:\Users\ny221\.m2\repository\org\springframework\boot\spring-boot-starter-mail\3.3.2\spring-boot-starter-mail-3.3.2.jar;C:\Users\ny221\.m2\repository\org\springframework\spring-context-support\6.1.11\spring-context-support-6.1.11.jar;C:\Users\ny221\.m2\repository\org\eclipse\angus\jakarta.mail\2.0.3\jakarta.mail-2.0.3.jar;C:\Users\ny221\.m2\repository\org\eclipse\angus\angus-activation\2.0.2\angus-activation-2.0.2.jar;C:\Users\ny221\.m2\repository\org\springframework\boot\spring-boot-starter-data-jdbc\3.3.2\spring-boot-starter-data-jdbc-3.3.2.jar;C:\Users\ny221\.m2\repository\org\springframework\boot\spring-boot-starter-jdbc\3.3.2\spring-boot-starter-jdbc-3.3.2.jar;C:\Users\ny221\.m2\repository\com\zaxxer\HikariCP\5.1.0\HikariCP-5.1.0.jar;C:\Users\ny221\.m2\repository\org\springframework\spring-jdbc\6.1.11\spring-jdbc-6.1.11.jar;C:\Users\ny221\.m2\repository\org\springframework\data\spring-data-jdbc\3.3.2\spring-data-jdbc-3.3.2.jar;C:\Users\ny221\.m2\repository\org\springframework\data\spring-data-relational\3.3.2\spring-data-relational-3.3.2.jar;C:\Users\ny221\.m2\repository\org\springframework\data\spring-data-commons\3.3.2\spring-data-commons-3.3.2.jar;C:\Users\ny221\.m2\repository\org\springframework\spring-tx\6.1.11\spring-tx-6.1.11.jar;C:\Users\ny221\.m2\repository\org\springframework\boot\spring-boot-starter-data-jpa\3.3.2\spring-boot-starter-data-jpa-3.3.2.jar;C:\Users\ny221\.m2\repository\org\springframework\boot\spring-boot-starter-aop\3.3.2\spring-boot-starter-aop-3.3.2.jar;C:\Users\ny221\.m2\repository\org\aspectj\aspectjweaver\1.9.22.1\aspectjweaver-1.9.22.1.jar;C:\Users\ny221\.m2\repository\org\hibernate\orm\hibernate-core\6.5.2.Final\hibernate-core-6.5.2.Final.jar;C:\Users\ny221\.m2\repository\jakarta\persistence\jakarta.persistence-api\3.1.0\jakarta.persistence-api-3.1.0.jar;C:\Users\ny221\.m2\repository\jakarta\transaction\jakarta.transaction-api\2.0.1\jakarta.transaction-api-2.0.1.jar;C:\Users\ny221\.m2\repository\org\jboss\logging\jboss-logging\3.5.3.Final\jboss-logging-3.5.3.Final.jar;C:\Users\ny221\.m2\repository\org\hibernate\common\hibernate-commons-annotations\6.0.6.Final\hibernate-commons-annotations-6.0.6.Final.jar;C:\Users\ny221\.m2\repository\io\smallrye\jandex\3.1.2\jandex-3.1.2.jar;C:\Users\ny221\.m2\repository\com\fasterxml\classmate\1.7.0\classmate-1.7.0.jar;C:\Users\ny221\.m2\repository\net\bytebuddy\byte-buddy\1.14.18\byte-buddy-1.14.18.jar;C:\Users\ny221\.m2\repository\jakarta\inject\jakarta.inject-api\2.0.1\jakarta.inject-api-2.0.1.jar;C:\Users\ny221\.m2\repository\org\antlr\antlr4-runtime\4.13.0\antlr4-runtime-4.13.0.jar;C:\Users\ny221\.m2\repository\org\springframework\data\spring-data-jpa\3.3.2\spring-data-jpa-3.3.2.jar;C:\Users\ny221\.m2\repository\org\springframework\spring-orm\6.1.11\spring-orm-6.1.11.jar;C:\Users\ny221\.m2\repository\org\springframework\spring-aspects\6.1.11\spring-aspects-6.1.11.jar;C:\Users\ny221\.m2\repository\org\springframework\boot\spring-boot-starter-thymeleaf\3.3.2\spring-boot-starter-thymeleaf-3.3.2.jar;C:\Users\ny221\.m2\repository\org\springframework\boot\spring-boot-starter-web\3.3.2\spring-boot-starter-web-3.3.2.jar;C:\Users\ny221\.m2\repository\org\springframework\boot\spring-boot-starter-json\3.3.2\spring-boot-starter-json-3.3.2.jar;C:\Users\ny221\.m2\repository\com\fasterxml\jackson\datatype\jackson-datatype-jdk8\2.17.2\jackson-datatype-jdk8-2.17.2.jar;C:\Users\ny221\.m2\repository\com\fasterxml\jackson\datatype\jackson-datatype-jsr310\2.17.2\jackson-datatype-jsr310-2.17.2.jar;C:\Users\ny221\.m2\repository\com\fasterxml\jackson\module\jackson-module-parameter-names\2.17.2\jackson-module-parameter-names-2.17.2.jar;C:\Users\ny221\.m2\repository\org\springframework\boot\spring-boot-starter-tomcat\3.3.2\spring-boot-starter-tomcat-3.3.2.jar;C:\Users\ny221\.m2\repository\org\apache\tomcat\embed\tomcat-embed-core\10.1.26\tomcat-embed-core-10.1.26.jar;C:\Users\ny221\.m2\repository\org\apache\tomcat\embed\tomcat-embed-el\10.1.26\tomcat-embed-el-10.1.26.jar;C:\Users\ny221\.m2\repository\org\apache\tomcat\embed\tomcat-embed-websocket\10.1.26\tomcat-embed-websocket-10.1.26.jar;C:\Users\ny221\.m2\repository\org\springframework\spring-web\6.1.11\spring-web-6.1.11.jar;C:\Users\ny221\.m2\repository\org\springframework\spring-webmvc\6.1.11\spring-webmvc-6.1.11.jar;C:\Users\ny221\.m2\repository\org\thymeleaf\thymeleaf-spring6\3.1.2.RELEASE\thymeleaf-spring6-3.1.2.RELEASE.jar;C:\Users\ny221\.m2\repository\org\thymeleaf\thymeleaf\3.1.2.RELEASE\thymeleaf-3.1.2.RELEASE.jar;C:\Users\ny221\.m2\repository\org\attoparser\attoparser\2.0.7.RELEASE\attoparser-2.0.7.RELEASE.jar;C:\Users\ny221\.m2\repository\org\unbescape\unbescape\1.1.6.RELEASE\unbescape-1.1.6.RELEASE.jar;C:\Users\ny221\.m2\repository\org\springframework\boot\spring-boot-devtools\3.3.2\spring-boot-devtools-3.3.2.jar;C:\Users\ny221\.m2\repository\org\springframework\boot\spring-boot\3.3.2\spring-boot-3.3.2.jar;C:\Users\ny221\.m2\repository\org\springframework\boot\spring-boot-autoconfigure\3.3.2\spring-boot-autoconfigure-3.3.2.jar;C:\Users\ny221\.m2\repository\org\projectlombok\lombok\1.18.34\lombok-1.18.34.jar;C:\Users\ny221\.m2\repository\jakarta\xml\bind\jakarta.xml.bind-api\4.0.2\jakarta.xml.bind-api-4.0.2.jar;C:\Users\ny221\.m2\repository\net\minidev\json-smart\2.5.1\json-smart-2.5.1.jar;C:\Users\ny221\.m2\repository\net\minidev\accessors-smart\2.5.1\accessors-smart-2.5.1.jar;C:\Users\ny221\.m2\repository\org\ow2\asm\asm\9.6\asm-9.6.jar;C:\Users\ny221\.m2\repository\org\springframework\spring-core\6.1.11\spring-core-6.1.11.jar;C:\Users\ny221\.m2\repository\org\springframework\spring-jcl\6.1.11\spring-jcl-6.1.11.jar;C:\Users\ny221\.m2\repository\org\springframework\boot\spring-boot-starter-websocket\3.3.2\spring-boot-starter-websocket-3.3.2.jar;C:\Users\ny221\.m2\repository\org\springframework\spring-messaging\6.1.11\spring-messaging-6.1.11.jar;C:\Users\ny221\.m2\repository\org\springframework\spring-websocket\6.1.11\spring-websocket-6.1.11.jar
Launcher Type: SUN_STANDARD

[Global flags]
     intx CICompilerCount                          = 12                                        {product} {ergonomic}
     uint ConcGCThreads                            = 3                                         {product} {ergonomic}
     uint G1ConcRefinementThreads                  = 13                                        {product} {ergonomic}
   size_t G1HeapRegionSize                         = 2097152                                   {product} {ergonomic}
   size_t InitialHeapSize                          = 264241152                                 {product} {ergonomic}
     bool ManagementServer                         = true                                      {product} {command line}
   size_t MarkStackSize                            = 4194304                                   {product} {ergonomic}
   size_t MaxHeapSize                              = 4198498304                                {product} {ergonomic}
   size_t MaxNewSize                               = 2518679552                                {product} {ergonomic}
   size_t MinHeapDeltaBytes                        = 2097152                                   {product} {ergonomic}
   size_t MinHeapSize                              = 8388608                                   {product} {ergonomic}
    uintx NonNMethodCodeHeapSize                   = 4096                                   {pd product} {ergonomic}
    uintx NonProfiledCodeHeapSize                  = 0                                      {pd product} {ergonomic}
     bool ProfileInterpreter                       = false                                  {pd product} {command line}
    uintx ProfiledCodeHeapSize                     = 0                                      {pd product} {ergonomic}
   size_t SoftMaxHeapSize                          = 4198498304                             {manageable} {ergonomic}
     intx TieredStopAtLevel                        = 1                                         {product} {command line}
     bool UseCompressedOops                        = true                           {product lp64_product} {ergonomic}
     bool UseG1GC                                  = true                                      {product} {ergonomic}
     bool UseLargePagesIndividualAllocation        = false                                  {pd product} {ergonomic}

Logging:
Log output configuration:
 #0: stdout all=warning uptime,level,tags foldmultilines=false
 #1: stderr all=off uptime,level,tags foldmultilines=false

Environment Variables:
PATH=C:\Program Files\Common Files\Oracle\Java\javapath;C:\Program Files\Microsoft MPI\Bin\;C:\Windows\system32;C:\Windows;C:\Windows\System32\Wbem;C:\Windows\System32\WindowsPowerShell\v1.0\;C:\Windows\System32\OpenSSH\;C:\Program Files\Microsoft SQL Server\Client SDK\ODBC\170\Tools\Binn\;C:\Program Files (x86)\Microsoft SQL Server\160\Tools\Binn\;C:\Program Files\Microsoft SQL Server\160\Tools\Binn\;C:\Program Files\Microsoft SQL Server\160\DTS\Binn\;C:\Program Files (x86)\Microsoft SQL Server\160\DTS\Binn\;C:\Program Files\Azure Data Studio\bin;C:\ProgramData\ComposerSetup\bin;D:\DL\phpMyAdmin;D:\Git\cmd;C:\Program Files\Microsoft SQL Server\150\Tools\Binn\;C:\xampp\php;C:\Program Files\nodejs\;%JAVA_HOME%\bin;C:\Program Files\Docker\Docker\resources\bin;C:\Users\ny221\AppData\Roaming\npm;D:\xampp\php;D:\xampp\php;C:\Users\ny221\AppData\Local\Programs\Microsoft VS Code\bin;C:\Users\ny221\AppData\Local\GitHubDesktop\bin
USERNAME=ny221
OS=Windows_NT
PROCESSOR_IDENTIFIER=Intel64 Family 6 Model 186 Stepping 2, GenuineIntel
TMP=C:\Users\ny221\AppData\Local\Temp
TEMP=C:\Users\ny221\AppData\Local\Temp




Periodic native trim disabled

---------------  S Y S T E M  ---------------

OS:
 Windows 11 , 64 bit Build 22621 (10.0.22621.4391)
OS uptime: 14 days 21:49 hours
Hyper-V role detected

CPU: total 16 (initial active 16) (8 cores per cpu, 2 threads per core) family 6 model 186 stepping 2 microcode 0x410e, cx8, cmov, fxsr, ht, mmx, 3dnowpref, sse, sse2, sse3, ssse3, sse4.1, sse4.2, popcnt, lzcnt, tsc, tscinvbit, avx, avx2, aes, erms, clmul, bmi1, bmi2, adx, sha, fma, vzeroupper, clflush, clflushopt, clwb, hv, serialize, rdtscp, rdpid, fsrm, f16c, cet_ibt, cet_ss
Processor Information for processor 0
  Max Mhz: 1900, Current Mhz: 1900, Mhz Limit: 1900
Processor Information for processor 1
  Max Mhz: 1900, Current Mhz: 1900, Mhz Limit: 1900
Processor Information for processor 2
  Max Mhz: 1900, Current Mhz: 1900, Mhz Limit: 1900
Processor Information for processor 3
  Max Mhz: 1900, Current Mhz: 1900, Mhz Limit: 1900
Processor Information for processor 4
  Max Mhz: 1900, Current Mhz: 1900, Mhz Limit: 1900
Processor Information for processor 5
  Max Mhz: 1900, Current Mhz: 1900, Mhz Limit: 1900
Processor Information for processor 6
  Max Mhz: 1900, Current Mhz: 1900, Mhz Limit: 1900
Processor Information for processor 7
  Max Mhz: 1900, Current Mhz: 1900, Mhz Limit: 1900
Processor Information for processor 8
  Max Mhz: 1900, Current Mhz: 1400, Mhz Limit: 1387
Processor Information for processor 9
  Max Mhz: 1900, Current Mhz: 1400, Mhz Limit: 1387
Processor Information for processor 10
  Max Mhz: 1900, Current Mhz: 1400, Mhz Limit: 1387
Processor Information for processor 11
  Max Mhz: 1900, Current Mhz: 1400, Mhz Limit: 1387
Processor Information for processor 12
  Max Mhz: 1900, Current Mhz: 1400, Mhz Limit: 1387
Processor Information for processor 13
  Max Mhz: 1900, Current Mhz: 1400, Mhz Limit: 1387
Processor Information for processor 14
  Max Mhz: 1900, Current Mhz: 1400, Mhz Limit: 1387
Processor Information for processor 15
  Max Mhz: 1900, Current Mhz: 1400, Mhz Limit: 1387

Memory: 4k page, system-wide physical 16008M (418M free)
TotalPageFile size 31360M (AvailPageFile size 2M)
current process WorkingSet (physical memory assigned to process): 396M, peak: 588M
current process commit charge ("private bytes"): 531M, peak: 669M

vm_info: Java HotSpot(TM) 64-Bit Server VM (22.0.1+8-16) for windows-amd64 JRE (22.0.1+8-16), built on 2024-03-12T10:33:16Z by "mach5one" with MS VC++ 17.6 (VS2022)

END.
