#
# There is insufficient memory for the Java Runtime Environment to continue.
# Native memory allocation (mmap) failed to map 2097152 bytes. Error detail: G1 virtual space
# Possible reasons:
#   The system is out of physical RAM or swap space
#   This process is running with CompressedOops enabled, and the Java Heap may be blocking the growth of the native heap
# Possible solutions:
#   Reduce memory load on the system
#   Increase physical memory or swap space
#   Check if swap backing store is full
#   Decrease Java heap size (-Xmx/-Xms)
#   Decrease number of Java threads
#   Decrease Java thread stack sizes (-Xss)
#   Set larger code cache with -XX:ReservedCodeCacheSize=
#   JVM is running with Zero Based Compressed Oops mode in which the Java heap is
#     placed in the first 32GB address space. The Java Heap base address is the
#     maximum limit for the native heap growth. Please use -XX:HeapBaseMinAddress
#     to set the Java Heap base and to place the Java Heap above 32GB virtual address.
# This output file may be truncated or incomplete.
#
#  Out of Memory Error (os_windows.cpp:3631), pid=13860, tid=24860
#
# JRE version: Java(TM) SE Runtime Environment (22.0.1+8) (build 22.0.1+8-16)
# Java VM: Java HotSpot(TM) 64-Bit Server VM (22.0.1+8-16, mixed mode, emulated-client, sharing, tiered, compressed oops, compressed class ptrs, g1 gc, windows-amd64)
# No core dump will be written. Minidumps are not enabled by default on client versions of Windows
#

---------------  S U M M A R Y ------------

Command Line: -XX:TieredStopAtLevel=1 -Dspring.output.ansi.enabled=always -Dcom.sun.management.jmxremote -Dspring.jmx.enabled=true -Dspring.liveBeansView.mbeanDomain -Dspring.application.admin.enabled=true -Dmanagement.endpoints.jmx.exposure.include=* -javaagent:C:\Program Files\JetBrains\IntelliJ IDEA 2024.1.3\lib\idea_rt.jar=59327:C:\Program Files\JetBrains\IntelliJ IDEA 2024.1.3\bin -Dfile.encoding=UTF-8 -Dsun.stdout.encoding=UTF-8 -Dsun.stderr.encoding=UTF-8 com.example.KLTN.KltnApplication

Host: 13th Gen Intel(R) Core(TM) i5-1340P, 16 cores, 15G,  Windows 11 , 64 bit Build 22621 (10.0.22621.4391)
Time: Tue Jan  7 11:08:46 2025 SE Asia Standard Time elapsed time: 631.357766 seconds (0d 0h 10m 31s)

---------------  T H R E A D  ---------------

Current thread (0x000002a16dbbe5a0):  JavaThread "http-nio-8080-exec-9" daemon [_thread_in_vm, id=24860, stack(0x000000d719400000,0x000000d719500000) (1024K)]

Stack: [0x000000d719400000,0x000000d719500000]
Native frames: (J=compiled Java code, j=interpreted, Vv=VM code, C=native code)
V  [jvm.dll+0x6e2279]  (no source info available)
V  [jvm.dll+0x874e33]  (no source info available)
V  [jvm.dll+0x87725e]  (no source info available)
V  [jvm.dll+0x877933]  (no source info available)
V  [jvm.dll+0x27fd76]  (no source info available)
V  [jvm.dll+0x6de915]  (no source info available)
V  [jvm.dll+0x6d341a]  (no source info available)
V  [jvm.dll+0x3589da]  (no source info available)
V  [jvm.dll+0x360f06]  (no source info available)
V  [jvm.dll+0x3b3b2b]  (no source info available)
V  [jvm.dll+0x3b41c4]  (no source info available)
V  [jvm.dll+0x3b3d36]  (no source info available)
V  [jvm.dll+0x32ca1e]  (no source info available)
V  [jvm.dll+0x32ad3f]  (no source info available)
V  [jvm.dll+0x67386b]  (no source info available)
V  [jvm.dll+0x23d7f2]  (no source info available)
V  [jvm.dll+0x8393d7]  (no source info available)
V  [jvm.dll+0x1a564b]  (no source info available)
C  0x000002a1191e6ef1  (no source info available)

The last pc belongs to new_type_array Runtime1 stub (printed below).
Java frames: (J=compiled Java code, j=interpreted, Vv=VM code)
v  ~RuntimeStub::new_type_array Runtime1 stub 0x000002a1191e6ef1
J 841 c1 java.util.Arrays.copyOf([BI)[B java.base@22.0.1 (33 bytes) @ 0x000002a1194d658f [0x000002a1194d63c0+0x00000000000001cf]
J 2896 c1 java.io.ByteArrayOutputStream.write([BII)V java.base@22.0.1 (43 bytes) @ 0x000002a119a4ff9c [0x000002a119a4fe60+0x000000000000013c]
J 15532 c1 org.hibernate.type.descriptor.java.DataHelper.extractBytes(Ljava/io/InputStream;)[B (155 bytes) @ 0x000002a119b977bc [0x000002a119b97600+0x00000000000001bc]
j  org.hibernate.type.descriptor.java.PrimitiveByteArrayJavaType.wrap(Ljava/lang/Object;Lorg/hibernate/type/descriptor/WrapperOptions;)[B+59
j  org.hibernate.type.descriptor.java.PrimitiveByteArrayJavaType.wrap(Ljava/lang/Object;Lorg/hibernate/type/descriptor/WrapperOptions;)Ljava/lang/Object;+3
j  org.hibernate.type.descriptor.jdbc.BlobJdbcType$1.doExtract(Ljava/sql/ResultSet;ILorg/hibernate/type/descriptor/WrapperOptions;)Ljava/lang/Object;+12
J 10723 c1 org.hibernate.type.descriptor.jdbc.BasicExtractor.extract(Ljava/sql/ResultSet;ILorg/hibernate/type/descriptor/WrapperOptions;)Ljava/lang/Object; (83 bytes) @ 0x000002a1199051bc [0x000002a119905140+0x000000000000007c]
J 10721 c1 org.hibernate.sql.results.jdbc.internal.JdbcValuesResultSetImpl.getCurrentRowValue(I)Ljava/lang/Object; (113 bytes) @ 0x000002a1199060c4 [0x000002a119905de0+0x00000000000002e4]
J 10717 c1 org.hibernate.sql.results.graph.basic.BasicResultAssembler.assemble(Lorg/hibernate/sql/results/jdbc/spi/RowProcessingState;Lorg/hibernate/sql/results/jdbc/spi/JdbcValuesSourceProcessingOptions;)Ljava/lang/Object; (115 bytes) @ 0x000002a11990760c [0x000002a119907540+0x00000000000000cc]
J 10797 c1 org.hibernate.sql.results.graph.DomainResultAssembler.assemble(Lorg/hibernate/sql/results/jdbc/spi/RowProcessingState;)Ljava/lang/Object; (19 bytes) @ 0x000002a1198eab54 [0x000002a1198eaac0+0x0000000000000094]
J 12399 c1 org.hibernate.sql.results.graph.entity.AbstractEntityInitializer.extractConcreteTypeStateValues(Lorg/hibernate/sql/results/jdbc/spi/RowProcessingState;)[Ljava/lang/Object; (75 bytes) @ 0x000002a1192e8644 [0x000002a1192e8380+0x00000000000002c4]
J 12428 c1 org.hibernate.sql.results.graph.entity.AbstractEntityInitializer.initializeEntityInstance(Ljava/lang/Object;Lorg/hibernate/sql/results/jdbc/spi/RowProcessingState;)V (397 bytes) @ 0x000002a1192d43a4 [0x000002a1192d3fc0+0x00000000000003e4]
J 12317 c1 org.hibernate.sql.results.graph.entity.AbstractEntityInitializer.initializeEntity(Ljava/lang/Object;Lorg/hibernate/sql/results/jdbc/spi/RowProcessingState;)V (39 bytes) @ 0x000002a11930b7cc [0x000002a11930b740+0x000000000000008c]
J 12316 c1 org.hibernate.sql.results.graph.entity.AbstractEntityInitializer.initializeInstance(Lorg/hibernate/sql/results/jdbc/spi/RowProcessingState;)V (37 bytes) @ 0x000002a11930bbc4 [0x000002a11930bb40+0x0000000000000084]
J 11484 c1 org.hibernate.sql.results.internal.InitializersList.initializeInstance(Lorg/hibernate/sql/results/jdbc/spi/RowProcessingState;)V (38 bytes) @ 0x000002a11a2525c4 [0x000002a11a252540+0x0000000000000084]
J 11563 c1 org.hibernate.sql.results.internal.StandardRowReader.readRow(Lorg/hibernate/sql/results/jdbc/spi/RowProcessingState;Lorg/hibernate/sql/results/jdbc/spi/JdbcValuesSourceProcessingOptions;)Ljava/lang/Object; (113 bytes) @ 0x000002a11a231d3c [0x000002a11a231c00+0x000000000000013c]
J 12722 c1 org.hibernate.sql.results.spi.ListResultsConsumer.consume(Lorg/hibernate/sql/results/jdbc/spi/JdbcValues;Lorg/hibernate/engine/spi/SharedSessionContractImplementor;Lorg/hibernate/sql/results/jdbc/spi/JdbcValuesSourceProcessingOptions;Lorg/hibernate/sql/results/jdbc/internal/JdbcValuesSourceProcessingStateStandardImpl;Lorg/hibernate/sql/results/internal/RowProcessingStateStandardImpl;Lorg/hibernate/sql/results/spi/RowReader;)Ljava/util/List; (751 bytes) @ 0x000002a119eca34c [0x000002a119ec9260+0x00000000000010ec]
J 12629 c1 org.hibernate.sql.exec.internal.JdbcSelectExecutorStandardImpl.doExecuteQuery(Lorg/hibernate/sql/exec/spi/JdbcOperationQuerySelect;Lorg/hibernate/sql/exec/spi/JdbcParameterBindings;Lorg/hibernate/sql/exec/spi/ExecutionContext;Lorg/hibernate/sql/results/spi/RowTransformer;Ljava/lang/Class;Ljava/util/function/Function;Lorg/hibernate/sql/results/spi/ResultsConsumer;)Ljava/lang/Object; (385 bytes) @ 0x000002a1196ad9d4 [0x000002a1196acdc0+0x0000000000000c14]
J 12658 c1 org.hibernate.sql.exec.internal.JdbcSelectExecutorStandardImpl.executeQuery(Lorg/hibernate/sql/exec/spi/JdbcOperationQuerySelect;Lorg/hibernate/sql/exec/spi/JdbcParameterBindings;Lorg/hibernate/sql/exec/spi/ExecutionContext;Lorg/hibernate/sql/results/spi/RowTransformer;Ljava/lang/Class;Ljava/util/function/Function;Lorg/hibernate/sql/results/spi/ResultsConsumer;)Ljava/lang/Object; (105 bytes) @ 0x000002a119cd5a0c [0x000002a119cd57e0+0x000000000000022c]
J 13605 c1 org.hibernate.query.sqm.internal.ConcreteSqmSelectQueryPlan.lambda$new$2(Ljava/lang/String;Lorg/hibernate/sql/results/spi/ListResultsConsumer$UniqueSemantic;Lorg/hibernate/query/sqm/internal/DomainParameterXref;Ljava/lang/Void;Lorg/hibernate/query/spi/DomainQueryExecutionContext;Lorg/hibernate/query/sqm/internal/ConcreteSqmSelectQueryPlan$CacheableSqmInterpretation;Lorg/hibernate/sql/exec/spi/JdbcParameterBindings;)Ljava/util/List; (116 bytes) @ 0x000002a11a0ac154 [0x000002a11a0abb20+0x0000000000000634]
J 13589 c1 org.hibernate.query.sqm.internal.ConcreteSqmSelectQueryPlan$$Lambda+0x000002a126bcafc0.interpret(Ljava/lang/Object;Lorg/hibernate/query/spi/DomainQueryExecutionContext;Lorg/hibernate/query/sqm/internal/ConcreteSqmSelectQueryPlan$CacheableSqmInterpretation;Lorg/hibernate/sql/exec/spi/JdbcParameterBindings;)Ljava/lang/Object; (28 bytes) @ 0x000002a119f9f6fc [0x000002a119f9f640+0x00000000000000bc]
J 13537 c1 org.hibernate.query.sqm.internal.ConcreteSqmSelectQueryPlan.withCacheableSqmInterpretation(Lorg/hibernate/query/spi/DomainQueryExecutionContext;Ljava/lang/Object;Lorg/hibernate/query/sqm/internal/ConcreteSqmSelectQueryPlan$SqmInterpreter;)Ljava/lang/Object; (265 bytes) @ 0x000002a119f7bb24 [0x000002a119f7b4c0+0x0000000000000664]
J 13541 c1 org.hibernate.query.sqm.internal.QuerySqmImpl.doList()Ljava/util/List; (91 bytes) @ 0x000002a119f796bc [0x000002a119f79300+0x00000000000003bc]
J 13588 c1 org.hibernate.query.spi.AbstractSelectionQuery.list()Ljava/util/List; (73 bytes) @ 0x000002a119f9fbcc [0x000002a119f9fae0+0x00000000000000ec]
j  org.hibernate.query.Query.getResultList()Ljava/util/List;+1
j  org.springframework.data.jpa.repository.query.JpaQueryExecution$CollectionExecution.doExecute(Lorg/springframework/data/jpa/repository/query/AbstractJpaQuery;Lorg/springframework/data/jpa/repository/query/JpaParametersParameterAccessor;)Ljava/lang/Object;+5
J 15326 c1 org.springframework.data.jpa.repository.query.JpaQueryExecution.execute(Lorg/springframework/data/jpa/repository/query/AbstractJpaQuery;Lorg/springframework/data/jpa/repository/query/JpaParametersParameterAccessor;)Ljava/lang/Object; (99 bytes) @ 0x000002a1194dc8a4 [0x000002a1194dc820+0x0000000000000084]
J 15329 c1 org.springframework.data.jpa.repository.query.AbstractJpaQuery.doExecute(Lorg/springframework/data/jpa/repository/query/JpaQueryExecution;[Ljava/lang/Object;)Ljava/lang/Object; (54 bytes) @ 0x000002a1195e8df4 [0x000002a1195e8d60+0x0000000000000094]
J 15361 c1 org.springframework.data.jpa.repository.query.AbstractJpaQuery.execute([Ljava/lang/Object;)Ljava/lang/Object; (10 bytes) @ 0x000002a119299f3c [0x000002a119299ec0+0x000000000000007c]
J 15396 c1 org.springframework.data.repository.core.support.RepositoryMethodInvoker$RepositoryQueryMethodInvoker$$Lambda+0x000002a126bb41f8.invoke([Ljava/lang/Object;)Ljava/lang/Object; (11 bytes) @ 0x000002a1192b5374 [0x000002a1192b5320+0x0000000000000054]
J 12965 c1 org.springframework.data.repository.core.support.RepositoryMethodInvoker.doInvoke(Ljava/lang/Class;Lorg/springframework/data/repository/core/support/RepositoryInvocationMulticaster;[Ljava/lang/Object;)Ljava/lang/Object; (130 bytes) @ 0x000002a119d58564 [0x000002a119d58420+0x0000000000000144]
J 12946 c1 org.springframework.data.repository.core.support.QueryExecutorMethodInterceptor.doInvoke(Lorg/aopalliance/intercept/MethodInvocation;)Ljava/lang/Object; (94 bytes) @ 0x000002a119dc75b4 [0x000002a119dc7180+0x0000000000000434]
J 13150 c1 org.springframework.data.repository.core.support.QueryExecutorMethodInterceptor.invoke(Lorg/aopalliance/intercept/MethodInvocation;)Ljava/lang/Object; (48 bytes) @ 0x000002a11a144ea4 [0x000002a11a144d40+0x0000000000000164]
J 10278 c1 org.springframework.aop.framework.ReflectiveMethodInvocation.proceed()Ljava/lang/Object; (126 bytes) @ 0x000002a1194fc6c4 [0x000002a1194fc440+0x0000000000000284]
J 13041 c1 org.springframework.data.projection.DefaultMethodInvokingMethodInterceptor.invoke(Lorg/aopalliance/intercept/MethodInvocation;)Ljava/lang/Object; (54 bytes) @ 0x000002a11a134c2c [0x000002a11a134b00+0x000000000000012c]
J 10278 c1 org.springframework.aop.framework.ReflectiveMethodInvocation.proceed()Ljava/lang/Object; (126 bytes) @ 0x000002a1194fc6c4 [0x000002a1194fc440+0x0000000000000284]
J 12944 c1 org.springframework.transaction.interceptor.TransactionAspectSupport.invokeWithinTransaction(Ljava/lang/reflect/Method;Ljava/lang/Class;Lorg/springframework/transaction/interceptor/TransactionAspectSupport$InvocationCallback;)Ljava/lang/Object; (495 bytes) @ 0x000002a119d6914c [0x000002a119d68da0+0x00000000000003ac]
J 12943 c1 org.springframework.transaction.interceptor.TransactionInterceptor.invoke(Lorg/aopalliance/intercept/MethodInvocation;)Ljava/lang/Object; (46 bytes) @ 0x000002a119e712c4 [0x000002a119e71100+0x00000000000001c4]
J 10278 c1 org.springframework.aop.framework.ReflectiveMethodInvocation.proceed()Ljava/lang/Object; (126 bytes) @ 0x000002a1194fc6c4 [0x000002a1194fc440+0x0000000000000284]
J 12962 c1 org.springframework.dao.support.PersistenceExceptionTranslationInterceptor.invoke(Lorg/aopalliance/intercept/MethodInvocation;)Ljava/lang/Object; (86 bytes) @ 0x000002a119f2840c [0x000002a119f28380+0x000000000000008c]
J 10278 c1 org.springframework.aop.framework.ReflectiveMethodInvocation.proceed()Ljava/lang/Object; (126 bytes) @ 0x000002a1194fc6c4 [0x000002a1194fc440+0x0000000000000284]
J 12964 c1 org.springframework.data.jpa.repository.support.CrudMethodMetadataPostProcessor$CrudMethodMetadataPopulatingMethodInterceptor.invoke(Lorg/aopalliance/intercept/MethodInvocation;)Ljava/lang/Object; (183 bytes) @ 0x000002a119add424 [0x000002a119adcba0+0x0000000000000884]
J 10278 c1 org.springframework.aop.framework.ReflectiveMethodInvocation.proceed()Ljava/lang/Object; (126 bytes) @ 0x000002a1194fc6c4 [0x000002a1194fc440+0x0000000000000284]
J 13038 c1 org.springframework.aop.interceptor.ExposeInvocationInterceptor.invoke(Lorg/aopalliance/intercept/MethodInvocation;)Ljava/lang/Object; (45 bytes) @ 0x000002a11a1ae95c [0x000002a11a1ae740+0x000000000000021c]
J 10278 c1 org.springframework.aop.framework.ReflectiveMethodInvocation.proceed()Ljava/lang/Object; (126 bytes) @ 0x000002a1194fc6c4 [0x000002a1194fc440+0x0000000000000284]
J 10448 c1 org.springframework.aop.framework.JdkDynamicAopProxy.invoke(Ljava/lang/Object;Ljava/lang/reflect/Method;[Ljava/lang/Object;)Ljava/lang/Object; (663 bytes) @ 0x000002a1193a5f7c [0x000002a1193a5b80+0x00000000000003fc]
j  jdk.proxy4.$Proxy163.findByStatus(Lcom/example/KLTN/Enum/Status;)Ljava/util/List;+16 jdk.proxy4
j  com.example.KLTN.SampleSent.SampleSentImpl.getAllProjectsWithPdfFileReceived()Ljava/util/List;+7
j  com.example.KLTN.SampleSent.SampleSentController.getAllProjectsWithPdfReceived()Lorg/springframework/http/ResponseEntity;+4
J 6429 c1 java.lang.invoke.DirectMethodHandle$Holder.invokeVirtual(Ljava/lang/Object;Ljava/lang/Object;)Ljava/lang/Object; java.base@22.0.1 (14 bytes) @ 0x000002a119fd34a4 [0x000002a119fd3440+0x0000000000000064]
J 2730 c1 java.lang.invoke.LambdaForm$MH+0x000002a126007800.invoke(Ljava/lang/Object;Ljava/lang/Object;)Ljava/lang/Object; java.base@22.0.1 (35 bytes) @ 0x000002a119a08734 [0x000002a119a08640+0x00000000000000f4]
J 4289 c1 jdk.internal.reflect.DirectMethodHandleAccessor.invoke(Ljava/lang/Object;[Ljava/lang/Object;)Ljava/lang/Object; java.base@22.0.1 (92 bytes) @ 0x000002a119c8b464 [0x000002a119c8b160+0x0000000000000304]
J 15553 c1 org.springframework.web.method.support.InvocableHandlerMethod.doInvoke([Ljava/lang/Object;)Ljava/lang/Object; (192 bytes) @ 0x000002a119aa591c [0x000002a119aa5700+0x000000000000021c]
j  org.springframework.web.method.support.InvocableHandlerMethod.invokeForRequest(Lorg/springframework/web/context/request/NativeWebRequest;Lorg/springframework/web/method/support/ModelAndViewContainer;[Ljava/lang/Object;)Ljava/lang/Object;+82
J 15573 c1 org.springframework.web.servlet.mvc.method.annotation.ServletInvocableHandlerMethod.invokeAndHandle(Lorg/springframework/web/context/request/ServletWebRequest;Lorg/springframework/web/method/support/ModelAndViewContainer;[Ljava/lang/Object;)V (143 bytes) @ 0x000002a1196bb414 [0x000002a1196bb3a0+0x0000000000000074]
J 15577 c1 org.springframework.web.servlet.mvc.method.annotation.RequestMappingHandlerAdapter.invokeHandlerMethod(Ljakarta/servlet/http/HttpServletRequest;Ljakarta/servlet/http/HttpServletResponse;Lorg/springframework/web/method/HandlerMethod;)Lorg/springframework/web/servlet/ModelAndView; (333 bytes) @ 0x000002a119811094 [0x000002a119810480+0x0000000000000c14]
J 15576 c1 org.springframework.web.servlet.mvc.method.annotation.RequestMappingHandlerAdapter.handleInternal(Ljakarta/servlet/http/HttpServletRequest;Ljakarta/servlet/http/HttpServletResponse;Lorg/springframework/web/method/HandlerMethod;)Lorg/springframework/web/servlet/ModelAndView; (129 bytes) @ 0x000002a1197c96b4 [0x000002a1197c94a0+0x0000000000000214]
J 15569 c1 org.springframework.web.servlet.mvc.method.AbstractHandlerMethodAdapter.handle(Ljakarta/servlet/http/HttpServletRequest;Ljakarta/servlet/http/HttpServletResponse;Ljava/lang/Object;)Lorg/springframework/web/servlet/ModelAndView; (11 bytes) @ 0x000002a119483994 [0x000002a119483920+0x0000000000000074]
J 15422 c1 org.springframework.web.servlet.DispatcherServlet.doDispatch(Ljakarta/servlet/http/HttpServletRequest;Ljakarta/servlet/http/HttpServletResponse;)V (551 bytes) @ 0x000002a1199a4df4 [0x000002a1199a46a0+0x0000000000000754]
j  org.springframework.web.servlet.DispatcherServlet.doService(Ljakarta/servlet/http/HttpServletRequest;Ljakarta/servlet/http/HttpServletResponse;)V+242
J 15554 c1 org.springframework.web.servlet.FrameworkServlet.processRequest(Ljakarta/servlet/http/HttpServletRequest;Ljakarta/servlet/http/HttpServletResponse;)V (190 bytes) @ 0x000002a1196c9374 [0x000002a1196c8c80+0x00000000000006f4]
J 15657 c1 jakarta.servlet.http.HttpServlet.service(Ljakarta/servlet/http/HttpServletRequest;Ljakarta/servlet/http/HttpServletResponse;)V (271 bytes) @ 0x000002a1192f9be4 [0x000002a1192f9520+0x00000000000006c4]
J 15617 c1 jakarta.servlet.http.HttpServlet.service(Ljakarta/servlet/ServletRequest;Ljakarta/servlet/ServletResponse;)V (41 bytes) @ 0x000002a11948f514 [0x000002a11948f3a0+0x0000000000000174]
J 11523 c1 org.apache.catalina.core.ApplicationFilterChain.internalDoFilter(Ljakarta/servlet/ServletRequest;Ljakarta/servlet/ServletResponse;)V (386 bytes) @ 0x000002a11a244a3c [0x000002a11a244580+0x00000000000004bc]
J 11524 c1 org.apache.catalina.core.ApplicationFilterChain.doFilter(Ljakarta/servlet/ServletRequest;Ljakarta/servlet/ServletResponse;)V (103 bytes) @ 0x000002a11a246be4 [0x000002a11a246ba0+0x0000000000000044]
J 15567 c1 org.apache.tomcat.websocket.server.WsFilter.doFilter(Ljakarta/servlet/ServletRequest;Ljakarta/servlet/ServletResponse;Ljakarta/servlet/FilterChain;)V (128 bytes) @ 0x000002a1194ab7ec [0x000002a1194ab4e0+0x000000000000030c]
J 11523 c1 org.apache.catalina.core.ApplicationFilterChain.internalDoFilter(Ljakarta/servlet/ServletRequest;Ljakarta/servlet/ServletResponse;)V (386 bytes) @ 0x000002a11a244edc [0x000002a11a244580+0x000000000000095c]
J 11524 c1 org.apache.catalina.core.ApplicationFilterChain.doFilter(Ljakarta/servlet/ServletRequest;Ljakarta/servlet/ServletResponse;)V (103 bytes) @ 0x000002a11a246be4 [0x000002a11a246ba0+0x0000000000000044]
J 12502 c1 org.springframework.web.filter.CompositeFilter$VirtualFilterChain.doFilter(Ljakarta/servlet/ServletRequest;Ljakarta/servlet/ServletResponse;)V (69 bytes) @ 0x000002a11a45370c [0x000002a11a453660+0x00000000000000ac]
J 15677 c1 org.springframework.security.web.FilterChainProxy.lambda$doFilterInternal$3(Lorg/springframework/security/web/firewall/FirewalledRequest;Ljakarta/servlet/FilterChain;Ljakarta/servlet/ServletRequest;Ljakarta/servlet/ServletResponse;)V (41 bytes) @ 0x000002a1198398ac [0x000002a119839700+0x00000000000001ac]
J 15775 c1 org.springframework.security.web.FilterChainProxy$$Lambda+0x000002a126c17c00.doFilter(Ljakarta/servlet/ServletRequest;Ljakarta/servlet/ServletResponse;)V (14 bytes) @ 0x000002a119640e04 [0x000002a119640da0+0x0000000000000064]
J 10629 c1 org.springframework.security.web.FilterChainProxy$VirtualFilterChain.doFilter(Ljakarta/servlet/ServletRequest;Ljakarta/servlet/ServletResponse;)V (111 bytes) @ 0x000002a1193637b4 [0x000002a119363360+0x0000000000000454]
J 15783 c1 org.springframework.security.web.access.intercept.AuthorizationFilter.doFilter(Ljakarta/servlet/ServletRequest;Ljakarta/servlet/ServletResponse;Ljakarta/servlet/FilterChain;)V (175 bytes) @ 0x000002a119ad0fe4 [0x000002a119ad0620+0x00000000000009c4]
J 10629 c1 org.springframework.security.web.FilterChainProxy$VirtualFilterChain.doFilter(Ljakarta/servlet/ServletRequest;Ljakarta/servlet/ServletResponse;)V (111 bytes) @ 0x000002a11936377c [0x000002a119363360+0x000000000000041c]
J 15760 c1 org.springframework.security.web.access.ExceptionTranslationFilter.doFilter(Ljakarta/servlet/http/HttpServletRequest;Ljakarta/servlet/http/HttpServletResponse;Ljakarta/servlet/FilterChain;)V (108 bytes) @ 0x000002a1199abfb4 [0x000002a1199abf40+0x0000000000000074]
J 15788 c1 org.springframework.security.web.access.ExceptionTranslationFilter.doFilter(Ljakarta/servlet/ServletRequest;Ljakarta/servlet/ServletResponse;Ljakarta/servlet/FilterChain;)V (14 bytes) @ 0x000002a1196d3b1c [0x000002a1196d3a40+0x00000000000000dc]
J 10629 c1 org.springframework.security.web.FilterChainProxy$VirtualFilterChain.doFilter(Ljakarta/servlet/ServletRequest;Ljakarta/servlet/ServletResponse;)V (111 bytes) @ 0x000002a11936377c [0x000002a119363360+0x000000000000041c]
J 15787 c1 org.springframework.security.web.authentication.AnonymousAuthenticationFilter.doFilter(Ljakarta/servlet/ServletRequest;Ljakarta/servlet/ServletResponse;Ljakarta/servlet/FilterChain;)V (39 bytes) @ 0x000002a119a1fcbc [0x000002a119a1f580+0x000000000000073c]
J 10629 c1 org.springframework.security.web.FilterChainProxy$VirtualFilterChain.doFilter(Ljakarta/servlet/ServletRequest;Ljakarta/servlet/ServletResponse;)V (111 bytes) @ 0x000002a11936377c [0x000002a119363360+0x000000000000041c]
J 15782 c1 org.springframework.security.web.servletapi.SecurityContextHolderAwareRequestFilter.doFilter(Ljakarta/servlet/ServletRequest;Ljakarta/servlet/ServletResponse;Ljakarta/servlet/FilterChain;)V (25 bytes) @ 0x000002a1195bba8c [0x000002a1195bb800+0x000000000000028c]
J 10629 c1 org.springframework.security.web.FilterChainProxy$VirtualFilterChain.doFilter(Ljakarta/servlet/ServletRequest;Ljakarta/servlet/ServletResponse;)V (111 bytes) @ 0x000002a11936377c [0x000002a119363360+0x000000000000041c]
J 15809 c1 org.springframework.security.web.savedrequest.RequestCacheAwareFilter.doFilter(Ljakarta/servlet/ServletRequest;Ljakarta/servlet/ServletResponse;Ljakarta/servlet/FilterChain;)V (38 bytes) @ 0x000002a119aba1ac [0x000002a119aba040+0x000000000000016c]
J 10629 c1 org.springframework.security.web.FilterChainProxy$VirtualFilterChain.doFilter(Ljakarta/servlet/ServletRequest;Ljakarta/servlet/ServletResponse;)V (111 bytes) @ 0x000002a11936377c [0x000002a119363360+0x000000000000041c]
J 15650 c1 org.springframework.security.oauth2.server.resource.web.authentication.BearerTokenAuthenticationFilter.doFilterInternal(Ljakarta/servlet/http/HttpServletRequest;Ljakarta/servlet/http/HttpServletResponse;Ljakarta/servlet/FilterChain;)V (239 bytes) @ 0x000002a11974353c [0x000002a119742ca0+0x000000000000089c]
J 10926 c1 org.springframework.web.filter.OncePerRequestFilter.doFilter(Ljakarta/servlet/ServletRequest;Ljakarta/servlet/ServletResponse;Ljakarta/servlet/FilterChain;)V (178 bytes) @ 0x000002a1198c3a4c [0x000002a1198c3360+0x00000000000006ec]
J 10629 c1 org.springframework.security.web.FilterChainProxy$VirtualFilterChain.doFilter(Ljakarta/servlet/ServletRequest;Ljakarta/servlet/ServletResponse;)V (111 bytes) @ 0x000002a11936377c [0x000002a119363360+0x000000000000041c]
J 15649 c1 org.springframework.security.web.authentication.logout.LogoutFilter.doFilter(Ljakarta/servlet/http/HttpServletRequest;Ljakarta/servlet/http/HttpServletResponse;Ljakarta/servlet/FilterChain;)V (89 bytes) @ 0x000002a119682cfc [0x000002a119682940+0x00000000000003bc]
J 15673 c1 org.springframework.security.web.authentication.logout.LogoutFilter.doFilter(Ljakarta/servlet/ServletRequest;Ljakarta/servlet/ServletResponse;Ljakarta/servlet/FilterChain;)V (14 bytes) @ 0x000002a1195e591c [0x000002a1195e5840+0x00000000000000dc]
J 10629 c1 org.springframework.security.web.FilterChainProxy$VirtualFilterChain.doFilter(Ljakarta/servlet/ServletRequest;Ljakarta/servlet/ServletResponse;)V (111 bytes) @ 0x000002a11936377c [0x000002a119363360+0x000000000000041c]
J 15228 c1 org.springframework.web.filter.CorsFilter.doFilterInternal(Ljakarta/servlet/http/HttpServletRequest;Ljakarta/servlet/http/HttpServletResponse;Ljakarta/servlet/FilterChain;)V (49 bytes) @ 0x000002a11a44269c [0x000002a11a442560+0x000000000000013c]
J 10926 c1 org.springframework.web.filter.OncePerRequestFilter.doFilter(Ljakarta/servlet/ServletRequest;Ljakarta/servlet/ServletResponse;Ljakarta/servlet/FilterChain;)V (178 bytes) @ 0x000002a1198c3a4c [0x000002a1198c3360+0x00000000000006ec]
J 10629 c1 org.springframework.security.web.FilterChainProxy$VirtualFilterChain.doFilter(Ljakarta/servlet/ServletRequest;Ljakarta/servlet/ServletResponse;)V (111 bytes) @ 0x000002a11936377c [0x000002a119363360+0x000000000000041c]
J 15231 c1 org.springframework.security.web.header.HeaderWriterFilter.doHeadersAfter(Ljakarta/servlet/http/HttpServletRequest;Ljakarta/servlet/http/HttpServletResponse;Ljakarta/servlet/FilterChain;)V (53 bytes) @ 0x000002a11a43fc94 [0x000002a11a43faa0+0x00000000000001f4]
J 15227 c1 org.springframework.security.web.header.HeaderWriterFilter.doFilterInternal(Ljakarta/servlet/http/HttpServletRequest;Ljakarta/servlet/http/HttpServletResponse;Ljakarta/servlet/FilterChain;)V (25 bytes) @ 0x000002a11a442b94 [0x000002a11a442ae0+0x00000000000000b4]
J 10926 c1 org.springframework.web.filter.OncePerRequestFilter.doFilter(Ljakarta/servlet/ServletRequest;Ljakarta/servlet/ServletResponse;Ljakarta/servlet/FilterChain;)V (178 bytes) @ 0x000002a1198c3a4c [0x000002a1198c3360+0x00000000000006ec]
J 10629 c1 org.springframework.security.web.FilterChainProxy$VirtualFilterChain.doFilter(Ljakarta/servlet/ServletRequest;Ljakarta/servlet/ServletResponse;)V (111 bytes) @ 0x000002a11936377c [0x000002a119363360+0x000000000000041c]
J 15224 c1 org.springframework.security.web.context.SecurityContextHolderFilter.doFilter(Ljakarta/servlet/http/HttpServletRequest;Ljakarta/servlet/http/HttpServletResponse;Ljakarta/servlet/FilterChain;)V (109 bytes) @ 0x000002a11a441824 [0x000002a11a441540+0x00000000000002e4]
J 15293 c1 org.springframework.security.web.context.SecurityContextHolderFilter.doFilter(Ljakarta/servlet/ServletRequest;Ljakarta/servlet/ServletResponse;Ljakarta/servlet/FilterChain;)V (14 bytes) @ 0x000002a11a42359c [0x000002a11a4234c0+0x00000000000000dc]
J 10629 c1 org.springframework.security.web.FilterChainProxy$VirtualFilterChain.doFilter(Ljakarta/servlet/ServletRequest;Ljakarta/servlet/ServletResponse;)V (111 bytes) @ 0x000002a11936377c [0x000002a119363360+0x000000000000041c]
J 15221 c1 org.springframework.security.web.context.request.async.WebAsyncManagerIntegrationFilter.doFilterInternal(Ljakarta/servlet/http/HttpServletRequest;Ljakarta/servlet/http/HttpServletResponse;Ljakarta/servlet/FilterChain;)V (61 bytes) @ 0x000002a11a44514c [0x000002a11a444f00+0x000000000000024c]
J 10926 c1 org.springframework.web.filter.OncePerRequestFilter.doFilter(Ljakarta/servlet/ServletRequest;Ljakarta/servlet/ServletResponse;Ljakarta/servlet/FilterChain;)V (178 bytes) @ 0x000002a1198c3a4c [0x000002a1198c3360+0x00000000000006ec]
J 10629 c1 org.springframework.security.web.FilterChainProxy$VirtualFilterChain.doFilter(Ljakarta/servlet/ServletRequest;Ljakarta/servlet/ServletResponse;)V (111 bytes) @ 0x000002a11936377c [0x000002a119363360+0x000000000000041c]
J 15220 c1 org.springframework.security.web.session.DisableEncodeUrlFilter.doFilterInternal(Ljakarta/servlet/http/HttpServletRequest;Ljakarta/servlet/http/HttpServletResponse;Ljakarta/servlet/FilterChain;)V (16 bytes) @ 0x000002a11a441094 [0x000002a11a440fc0+0x00000000000000d4]
J 10926 c1 org.springframework.web.filter.OncePerRequestFilter.doFilter(Ljakarta/servlet/ServletRequest;Ljakarta/servlet/ServletResponse;Ljakarta/servlet/FilterChain;)V (178 bytes) @ 0x000002a1198c3a4c [0x000002a1198c3360+0x00000000000006ec]
J 10629 c1 org.springframework.security.web.FilterChainProxy$VirtualFilterChain.doFilter(Ljakarta/servlet/ServletRequest;Ljakarta/servlet/ServletResponse;)V (111 bytes) @ 0x000002a11936377c [0x000002a119363360+0x000000000000041c]
J 15022 c1 org.springframework.security.web.FilterChainProxy.doFilterInternal(Ljakarta/servlet/ServletRequest;Ljakarta/servlet/ServletResponse;Ljakarta/servlet/FilterChain;)V (169 bytes) @ 0x000002a11a36556c [0x000002a11a364f00+0x000000000000066c]
J 15112 c1 org.springframework.security.web.FilterChainProxy.doFilter(Ljakarta/servlet/ServletRequest;Ljakarta/servlet/ServletResponse;Ljakarta/servlet/FilterChain;)V (176 bytes) @ 0x000002a11a634ee4 [0x000002a11a634de0+0x0000000000000104]
J 12502 c1 org.springframework.web.filter.CompositeFilter$VirtualFilterChain.doFilter(Ljakarta/servlet/ServletRequest;Ljakarta/servlet/ServletResponse;)V (69 bytes) @ 0x000002a11a4537d4 [0x000002a11a453660+0x0000000000000174]
J 15061 c1 org.springframework.web.servlet.handler.HandlerMappingIntrospector.lambda$createCacheFilter$3(Ljakarta/servlet/ServletRequest;Ljakarta/servlet/ServletResponse;Ljakarta/servlet/FilterChain;)V (41 bytes) @ 0x000002a11a348c44 [0x000002a11a348b60+0x00000000000000e4]
J 15146 c1 org.springframework.web.servlet.handler.HandlerMappingIntrospector$$Lambda+0x000002a126b30000.doFilter(Ljakarta/servlet/ServletRequest;Ljakarta/servlet/ServletResponse;Ljakarta/servlet/FilterChain;)V (11 bytes) @ 0x000002a11a6481ec [0x000002a11a6481a0+0x000000000000004c]
J 12502 c1 org.springframework.web.filter.CompositeFilter$VirtualFilterChain.doFilter(Ljakarta/servlet/ServletRequest;Ljakarta/servlet/ServletResponse;)V (69 bytes) @ 0x000002a11a4537d4 [0x000002a11a453660+0x0000000000000174]
J 15111 c1 org.springframework.web.filter.CompositeFilter.doFilter(Ljakarta/servlet/ServletRequest;Ljakarta/servlet/ServletResponse;Ljakarta/servlet/FilterChain;)V (18 bytes) @ 0x000002a11a33473c [0x000002a11a334640+0x00000000000000fc]
J 15133 c1 org.springframework.security.config.annotation.web.configuration.WebMvcSecurityConfiguration$CompositeFilterChainProxy.doFilter(Ljakarta/servlet/ServletRequest;Ljakarta/servlet/ServletResponse;Ljakarta/servlet/FilterChain;)V (13 bytes) @ 0x000002a11a637d74 [0x000002a11a637d20+0x0000000000000054]
J 15131 c1 org.springframework.web.filter.DelegatingFilterProxy.doFilter(Ljakarta/servlet/ServletRequest;Ljakarta/servlet/ServletResponse;Ljakarta/servlet/FilterChain;)V (89 bytes) @ 0x000002a11a6442f4 [0x000002a11a644180+0x0000000000000174]
J 11523 c1 org.apache.catalina.core.ApplicationFilterChain.internalDoFilter(Ljakarta/servlet/ServletRequest;Ljakarta/servlet/ServletResponse;)V (386 bytes) @ 0x000002a11a244edc [0x000002a11a244580+0x000000000000095c]
J 11524 c1 org.apache.catalina.core.ApplicationFilterChain.doFilter(Ljakarta/servlet/ServletRequest;Ljakarta/servlet/ServletResponse;)V (103 bytes) @ 0x000002a11a246be4 [0x000002a11a246ba0+0x0000000000000044]
J 15187 c1 org.springframework.web.filter.RequestContextFilter.doFilterInternal(Ljakarta/servlet/http/HttpServletRequest;Ljakarta/servlet/http/HttpServletResponse;Ljakarta/servlet/FilterChain;)V (107 bytes) @ 0x000002a11a65bb5c [0x000002a11a65b840+0x000000000000031c]
J 10926 c1 org.springframework.web.filter.OncePerRequestFilter.doFilter(Ljakarta/servlet/ServletRequest;Ljakarta/servlet/ServletResponse;Ljakarta/servlet/FilterChain;)V (178 bytes) @ 0x000002a1198c3a4c [0x000002a1198c3360+0x00000000000006ec]
J 11523 c1 org.apache.catalina.core.ApplicationFilterChain.internalDoFilter(Ljakarta/servlet/ServletRequest;Ljakarta/servlet/ServletResponse;)V (386 bytes) @ 0x000002a11a244edc [0x000002a11a244580+0x000000000000095c]
J 11524 c1 org.apache.catalina.core.ApplicationFilterChain.doFilter(Ljakarta/servlet/ServletRequest;Ljakarta/servlet/ServletResponse;)V (103 bytes) @ 0x000002a11a246be4 [0x000002a11a246ba0+0x0000000000000044]
J 15108 c1 org.springframework.web.filter.FormContentFilter.doFilterInternal(Ljakarta/servlet/http/HttpServletRequest;Ljakarta/servlet/http/HttpServletResponse;Ljakarta/servlet/FilterChain;)V (44 bytes) @ 0x000002a11a630e14 [0x000002a11a630c20+0x00000000000001f4]
J 10926 c1 org.springframework.web.filter.OncePerRequestFilter.doFilter(Ljakarta/servlet/ServletRequest;Ljakarta/servlet/ServletResponse;Ljakarta/servlet/FilterChain;)V (178 bytes) @ 0x000002a1198c3a4c [0x000002a1198c3360+0x00000000000006ec]
J 11523 c1 org.apache.catalina.core.ApplicationFilterChain.internalDoFilter(Ljakarta/servlet/ServletRequest;Ljakarta/servlet/ServletResponse;)V (386 bytes) @ 0x000002a11a244edc [0x000002a11a244580+0x000000000000095c]
J 11524 c1 org.apache.catalina.core.ApplicationFilterChain.doFilter(Ljakarta/servlet/ServletRequest;Ljakarta/servlet/ServletResponse;)V (103 bytes) @ 0x000002a11a246be4 [0x000002a11a246ba0+0x0000000000000044]
J 15126 c1 org.springframework.web.filter.CharacterEncodingFilter.doFilterInternal(Ljakarta/servlet/http/HttpServletRequest;Ljakarta/servlet/http/HttpServletResponse;Ljakarta/servlet/FilterChain;)V (59 bytes) @ 0x000002a11a643624 [0x000002a11a6434e0+0x0000000000000144]
J 10926 c1 org.springframework.web.filter.OncePerRequestFilter.doFilter(Ljakarta/servlet/ServletRequest;Ljakarta/servlet/ServletResponse;Ljakarta/servlet/FilterChain;)V (178 bytes) @ 0x000002a1198c3a4c [0x000002a1198c3360+0x00000000000006ec]
J 11523 c1 org.apache.catalina.core.ApplicationFilterChain.internalDoFilter(Ljakarta/servlet/ServletRequest;Ljakarta/servlet/ServletResponse;)V (386 bytes) @ 0x000002a11a244edc [0x000002a11a244580+0x000000000000095c]
J 11524 c1 org.apache.catalina.core.ApplicationFilterChain.doFilter(Ljakarta/servlet/ServletRequest;Ljakarta/servlet/ServletResponse;)V (103 bytes) @ 0x000002a11a246be4 [0x000002a11a246ba0+0x0000000000000044]
J 14993 c1 org.apache.catalina.core.StandardWrapperValve.invoke(Lorg/apache/catalina/connector/Request;Lorg/apache/catalina/connector/Response;)V (2681 bytes) @ 0x000002a11a3743fc [0x000002a11a372ce0+0x000000000000171c]
J 14954 c1 org.apache.catalina.core.StandardContextValve.invoke(Lorg/apache/catalina/connector/Request;Lorg/apache/catalina/connector/Response;)V (175 bytes) @ 0x000002a11a3a8e34 [0x000002a11a3a8880+0x00000000000005b4]
J 15125 c1 org.apache.catalina.authenticator.AuthenticatorBase.invoke(Lorg/apache/catalina/connector/Request;Lorg/apache/catalina/connector/Response;)V (820 bytes) @ 0x000002a11a641474 [0x000002a11a63fc60+0x0000000000001814]
J 15124 c1 org.apache.catalina.core.StandardHostValve.invoke(Lorg/apache/catalina/connector/Request;Lorg/apache/catalina/connector/Response;)V (405 bytes) @ 0x000002a11a63ccdc [0x000002a11a63c880+0x000000000000045c]
J 15019 c1 org.apache.catalina.valves.ErrorReportValve.invoke(Lorg/apache/catalina/connector/Request;Lorg/apache/catalina/connector/Response;)V (153 bytes) @ 0x000002a11a36881c [0x000002a11a3687a0+0x000000000000007c]
J 15074 c1 org.apache.catalina.core.StandardEngineValve.invoke(Lorg/apache/catalina/connector/Request;Lorg/apache/catalina/connector/Response;)V (65 bytes) @ 0x000002a11a3411cc [0x000002a11a340f80+0x000000000000024c]
J 14989 c1 org.apache.catalina.connector.CoyoteAdapter.service(Lorg/apache/coyote/Request;Lorg/apache/coyote/Response;)V (893 bytes) @ 0x000002a11a38c03c [0x000002a11a38b7c0+0x000000000000087c]
J 14350 c1 org.apache.coyote.http11.Http11Processor.service(Lorg/apache/tomcat/util/net/SocketWrapperBase;)Lorg/apache/tomcat/util/net/AbstractEndpoint$Handler$SocketState; (1252 bytes) @ 0x000002a119259d0c [0x000002a119258f40+0x0000000000000dcc]
J 14349 c1 org.apache.coyote.AbstractProcessorLight.process(Lorg/apache/tomcat/util/net/SocketWrapperBase;Lorg/apache/tomcat/util/net/SocketEvent;)Lorg/apache/tomcat/util/net/AbstractEndpoint$Handler$SocketState; (314 bytes) @ 0x000002a1192610f4 [0x000002a119260d20+0x00000000000003d4]
J 15768 c1 org.apache.coyote.AbstractProtocol$ConnectionHandler.process(Lorg/apache/tomcat/util/net/SocketWrapperBase;Lorg/apache/tomcat/util/net/SocketEvent;)Lorg/apache/tomcat/util/net/AbstractEndpoint$Handler$SocketState; (1288 bytes) @ 0x000002a11a415c5c [0x000002a11a414840+0x000000000000141c]
J 15767 c1 org.apache.tomcat.util.net.NioEndpoint$SocketProcessor.doRun()V (600 bytes) @ 0x000002a1199ee604 [0x000002a1199ee060+0x00000000000005a4]
J 14326 c1 org.apache.tomcat.util.net.SocketProcessorBase.run()V (54 bytes) @ 0x000002a11926a85c [0x000002a11926a780+0x00000000000000dc]
j  org.apache.tomcat.util.threads.ThreadPoolExecutor.runWorker(Lorg/apache/tomcat/util/threads/ThreadPoolExecutor$Worker;)V+92
j  org.apache.tomcat.util.threads.ThreadPoolExecutor$Worker.run()V+5
j  org.apache.tomcat.util.threads.TaskThread$WrappingRunnable.run()V+4
j  java.lang.Thread.runWith(Ljava/lang/Object;Ljava/lang/Runnable;)V+5 java.base@22.0.1
j  java.lang.Thread.run()V+19 java.base@22.0.1
v  ~StubRoutines::call_stub 0x000002a1190e100d
--------------------------------------------------------------------------------
Decoding CodeBlob, name: new_type_array Runtime1 stub, at  [0x000002a1191e6e00, 0x000002a1191e7010]  528 bytes
[MachCode]
  0x000002a1191e6e00: 5548 8bec | 4881 ec80 | 0000 0048 | 8944 2478 | 4889 4c24 | 7048 8954 | 2468 4889 | 5c24 6048 
  0x000002a1191e6e20: 896c 2450 | 4889 7424 | 4848 897c | 2440 4c89 | 4424 384c | 894c 2430 | 4c89 5424 | 284c 895c 
  0x000002a1191e6e40: 2420 4c89 | 6424 184c | 896c 2410 | 4c89 7424 | 084c 893c | 2448 81ec | 1004 0000 | c5fb 1144 
  0x000002a1191e6e60: 2428 c5fb | 114c 2430 | c5fb 1154 | 2438 c5fb | 115c 2440 | c5fb 1164 | 2448 c5fb | 116c 2450 
  0x000002a1191e6e80: c5fb 1174 | 2458 c5fb | 117c 2460 | c57b 1144 | 2468 c57b | 114c 2470 | c57b 1154 | 2478 c57b 
  0x000002a1191e6ea0: 119c 2480 | 0000 00c5 | 7b11 a424 | 8800 0000 | c57b 11ac | 2490 0000 | 00c5 7b11 | b424 9800 
  0x000002a1191e6ec0: 0000 c57b | 11bc 24a0 | 0000 0048 | 8bd2 4c8b | c349 8bcf | c5f8 7749 | 89af b003 | 0000 4989 
  0x000002a1191e6ee0: a7a0 0300 | 0048 b820 | 5637 21fd | 7f00 00ff | d049 c787 | a003 0000 | 0000 0000 | 49c7 87b0 
  0x000002a1191e6f00: 0300 0000 | 0000 0049 | c787 a803 | 0000 0000 | 0000 c5f8 | 7749 837f | 0800 0f84 | 1400 0000 
  0x000002a1191e6f20: 498b 4708 | 49c7 87f8 | 0300 0000 | 0000 00e9 | 4cd9 ffff | 498b 87f8 | 0300 0049 | c787 f803 
  0x000002a1191e6f40: 0000 0000 | 0000 c5fb | 1044 2428 | c5fb 104c | 2430 c5fb | 1054 2438 | c5fb 105c | 2440 c5fb 
  0x000002a1191e6f60: 1064 2448 | c5fb 106c | 2450 c5fb | 1074 2458 | c5fb 107c | 2460 c57b | 1044 2468 | c57b 104c 
  0x000002a1191e6f80: 2470 c57b | 1054 2478 | c57b 109c | 2480 0000 | 00c5 7b10 | a424 8800 | 0000 c57b | 10ac 2490 
  0x000002a1191e6fa0: 0000 00c5 | 7b10 b424 | 9800 0000 | c57b 10bc | 24a0 0000 | 0048 81c4 | 1004 0000 | 4c8b 3c24 
  0x000002a1191e6fc0: 4c8b 7424 | 084c 8b6c | 2410 4c8b | 6424 184c | 8b5c 2420 | 4c8b 5424 | 284c 8b4c | 2430 4c8b 
  0x000002a1191e6fe0: 4424 3848 | 8b7c 2440 | 488b 7424 | 4848 8b6c | 2450 488b | 5c24 6048 | 8b54 2468 | 488b 4c24 
  0x000002a1191e7000: 7048 81c4 | 8000 0000 | c9c3 660f | 1f44 0000 
[/MachCode]
--------------------------------------------------------------------------------


Compiled method (c1) 631425  841       1       java.util.Arrays::copyOf (33 bytes)
 total in heap  [0x000002a1194d6210,0x000002a1194d6700] = 1264
 relocation     [0x000002a1194d6368,0x000002a1194d63c0] = 88
 main code      [0x000002a1194d63c0,0x000002a1194d65e0] = 544
 stub code      [0x000002a1194d65e0,0x000002a1194d6638] = 88
 metadata       [0x000002a1194d6638,0x000002a1194d6640] = 8
 scopes data    [0x000002a1194d6640,0x000002a1194d6678] = 56
 scopes pcs     [0x000002a1194d6678,0x000002a1194d66e8] = 112
 dependencies   [0x000002a1194d66e8,0x000002a1194d66f0] = 8
 nul chk table  [0x000002a1194d66f0,0x000002a1194d6700] = 16

[Constant Pool (empty)]

[MachCode]
[Verified Entry Point]
  # {method} {0x000002a1253e4940} 'copyOf' '([BI)[B' in 'java/util/Arrays'
  # parm0:    rdx:rdx   = '[B'
  # parm1:    r8        = int
  #           [sp+0x70]  (sp of caller)
  0x000002a1194d63c0: 8984 2400 | 80ff ff55 | 4883 ec60 | 4181 7f20 | 1a00 0000 

  0x000002a1194d63d4: ;   {runtime_call StubRoutines (final stubs)}
  0x000002a1194d63d4: 7405 e805 | e9c3 ff4c | 8bca 458b | 590c 453b | c30f 8566 | 0000 0049 | 8bd1 0f1f | 8000 0000 
  0x000002a1194d63f4: 0048 b8c0 | 2200 25a1 

  0x000002a1194d63fc: ;   {virtual_call}
  0x000002a1194d63fc: 0200 00e8 

  0x000002a1194d6400: ; ImmutableOopMap {}
                      ;*invokevirtual clone {reexecute=0 rethrow=0 return_oop=0}
                      ; - java.util.Arrays::copyOf@7 (line 3538)
  0x000002a1194d6400: 9cd2 dcff 

  0x000002a1194d6404: ;   {other}
  0x000002a1194d6404: 0f1f 8400 | f401 0000 | 4885 c00f | 8429 0000 

  0x000002a1194d6414: ;   {metadata({type array byte})}
  0x000002a1194d6414: 0048 bec0 | 2200 25a1 | 0200 008b | 5008 49ba | 0000 0025 | a102 0000 | 4903 d248 | 3b72 380f 
  0x000002a1194d6434: 8532 0100 | 00e9 0000 | 0000 4883 

  0x000002a1194d6440: ;   {poll_return}
  0x000002a1194d6440: c460 5d49 | 3ba7 5804 | 0000 0f87 | 2401 0000 | c349 8bd8 

  0x000002a1194d6454: ;   {metadata({type array byte})}
  0x000002a1194d6454: 48ba c022 | 0025 a102 | 0000 4863 | db48 8bfb | 4881 fbff | ffff 000f | 8719 0100 | 0048 c7c6 
  0x000002a1194d6474: 1700 0000 | 488d 341e | 4883 e6f8 | 498b 87b8 | 0100 0048 | 8d34 3049 | 3bb7 c801 | 0000 0f87 
  0x000002a1194d6494: f200 0000 | 4989 b7b8 | 0100 0048 | 2bf0 48c7 | 0001 0000 | 0048 8bca | 49ba 0000 | 0025 a102 
  0x000002a1194d64b4: 0000 492b | ca89 4808 | 8958 0c48 | 83ee 1048 | 85f6 0f84 | 1100 0000 | 4833 db48 | c1ee 0348 
  0x000002a1194d64d4: 895c f008 | 48ff ce75 | f645 3bd8 | 498b f049 | 0f4e f349 | 8bd1 41b8 | 0000 0000 | 4c8b c8bf 
  0x000002a1194d64f4: 0000 0000 | 4889 4424 | 5049 8d0c | 303b 4a0c | 0f87 8a00 | 0000 85f6 | 0f8c 8200 | 0000 4d63 
  0x000002a1194d6514: c048 63ff | 4a8d 4c02 | 1049 8d54 | 3910 4c8b | c648 83ec | 2040 f6c4 | 0f0f 8412 | 0000 0048 
  0x000002a1194d6534: ;   {runtime_call StubRoutines (final stubs)}
  0x000002a1194d6534: 83ec 08e8 | 04c7 c3ff | 4883 c408 | e905 0000 

  0x000002a1194d6544: ;   {runtime_call StubRoutines (final stubs)}
  0x000002a1194d6544: 00e8 f6c6 | c3ff 4883 | c420 488b | 4424 5048 | 83c4 605d 

  0x000002a1194d6558: ;   {poll_return}
  0x000002a1194d6558: 493b a758 | 0400 000f | 8739 0000 

  0x000002a1194d6564: ;   {runtime_call throw_null_pointer_exception Runtime1 stub}
  0x000002a1194d6564: 00c3 e895 

  0x000002a1194d6568: ; ImmutableOopMap {r9=Oop }
                      ;*arraylength {reexecute=0 rethrow=0 return_oop=0}
                      ; - java.util.Arrays::copyOf@2 (line 3537)
  0x000002a1194d6568: f4d0 ff48 

  0x000002a1194d656c: ;   {runtime_call throw_class_cast_exception Runtime1 stub}
  0x000002a1194d656c: 8904 24e8 

  0x000002a1194d6570: ; ImmutableOopMap {}
                      ;*checkcast {reexecute=0 rethrow=0 return_oop=0}
                      ; - java.util.Arrays::copyOf@10 (line 3538)
  0x000002a1194d6570: 8c1d d1ff 

  0x000002a1194d6574: ;   {internal_word}
  0x000002a1194d6574: 49ba 4364 | 4d19 a102 | 0000 4d89 | 9770 0400 

  0x000002a1194d6584: ;   {runtime_call SafepointBlob}
  0x000002a1194d6584: 00e9 76f1 

  0x000002a1194d6588: ;   {runtime_call new_type_array Runtime1 stub}
  0x000002a1194d6588: c5ff e871 

  0x000002a1194d658c: ; ImmutableOopMap {r9=Oop }
                      ;*newarray {reexecute=0 rethrow=0 return_oop=0}
                      ; - java.util.Arrays::copyOf@15 (line 3540)
  0x000002a1194d658c: 08d1 ffe9 | 49ff ffff 

  0x000002a1194d6594: ;   {static_call}
  0x000002a1194d6594: 6666 90e8 

  0x000002a1194d6598: ; ImmutableOopMap {[80]=Oop }
                      ;*invokestatic arraycopy {reexecute=0 rethrow=0 return_oop=0}
                      ; - java.util.Arrays::copyOf@28 (line 3541)
  0x000002a1194d6598: e48a c5ff 

  0x000002a1194d659c: ;   {internal_word}
  0x000002a1194d659c: ebb0 49ba | 5865 4d19 | a102 0000 | 4d89 9770 

  0x000002a1194d65ac: ;   {runtime_call SafepointBlob}
  0x000002a1194d65ac: 0400 00e9 | 4cf1 c5ff | 498b 8708 | 0500 0049 | c787 0805 | 0000 0000 | 0000 49c7 | 8710 0500 
  0x000002a1194d65cc: 0000 0000 | 0048 83c4 

  0x000002a1194d65d4: ;   {runtime_call unwind_exception Runtime1 stub}
  0x000002a1194d65d4: 605d e9a5 | dfd0 fff4 | f4f4 f4f4 
[Stub Code]
  0x000002a1194d65e0: ;   {no_reloc}
  0x000002a1194d65e0: 0f1f 4400 

  0x000002a1194d65e4: ;   {static_stub}
  0x000002a1194d65e4: 0048 bb00 | 0000 0000 

  0x000002a1194d65ec: ;   {runtime_call}
  0x000002a1194d65ec: 0000 00e9 | fbff ffff 

  0x000002a1194d65f4: ;   {static_stub}
  0x000002a1194d65f4: 9048 bb00 | 0000 0000 

  0x000002a1194d65fc: ;   {runtime_call}
  0x000002a1194d65fc: 0000 00e9 | fbff ffff 
[Exception Handler]
  0x000002a1194d6604: ;   {runtime_call handle_exception_from_callee Runtime1 stub}
  0x000002a1194d6604: e8f7 16d1 

  0x000002a1194d6608: ;   {external_word}
  0x000002a1194d6608: ff48 b9c0 | 18b9 21fd | 7f00 0048 

  0x000002a1194d6614: ;   {runtime_call}
  0x000002a1194d6614: 83e4 f048 | b8c0 9480 | 21fd 7f00 | 00ff d0f4 
[Deopt Handler Code]
  0x000002a1194d6624: ;   {section_word}
  0x000002a1194d6624: 49ba 2466 | 4d19 a102 | 0000 4152 

  0x000002a1194d6630: ;   {runtime_call DeoptimizationBlob}
  0x000002a1194d6630: e96b e3c5 | fff4 f4f4 
[/MachCode]


Compiled method (c1) 631428 2896  s    1       java.io.ByteArrayOutputStream::write (43 bytes)
 total in heap  [0x000002a119a4fc90,0x000002a119a503f0] = 1888
 relocation     [0x000002a119a4fde8,0x000002a119a4fe60] = 120
 main code      [0x000002a119a4fe60,0x000002a119a501f8] = 920
 stub code      [0x000002a119a501f8,0x000002a119a50268] = 112
 metadata       [0x000002a119a50268,0x000002a119a50290] = 40
 scopes data    [0x000002a119a50290,0x000002a119a50328] = 152
 scopes pcs     [0x000002a119a50328,0x000002a119a503c8] = 160
 dependencies   [0x000002a119a503c8,0x000002a119a503d0] = 8
 nul chk table  [0x000002a119a503d0,0x000002a119a503f0] = 32

[Constant Pool (empty)]

[MachCode]
[Entry Point]
  # {method} {0x000002a125129508} 'write' '([BII)V' in 'java/io/ByteArrayOutputStream'
  # this:     rdx:rdx   = 'java/io/ByteArrayOutputStream'
  # parm0:    r8:r8     = '[B'
  # parm1:    r9        = int
  # parm2:    rdi       = int
  #           [sp+0xe0]  (sp of caller)
  0x000002a119a4fe60: 448b 5208 | 49bb 0000 | 0025 a102 | 0000 4d03 | d34c 3bd0 

  0x000002a119a4fe74: ;   {runtime_call ic_miss_stub}
  0x000002a119a4fe74: 0f85 06e9 | 6dff 660f | 1f44 0000 
[Verified Entry Point]
  0x000002a119a4fe80: 8984 2400 | 80ff ff55 | 4881 ecd0 | 0000 0090 | 4181 7f20 | 1a00 0000 

  0x000002a119a4fe98: ;   {runtime_call StubRoutines (final stubs)}
  0x000002a119a4fe98: 7405 e841 | 4e6c ff48 | 8994 24a0 | 0000 004c | 8984 24a8 | 0000 0044 | 898c 24b0 | 0000 0089 
  0x000002a119a4feb8: bc24 b400 | 0000 488d | b424 b800 | 0000 4889 | 5608 488b | 0248 83c8 | 0148 8906 | f048 0fb1 
  0x000002a119a4fed8: 320f 8412 | 0000 0048 | 2bc4 4825 | 07f0 ffff | 4889 060f | 8503 0200 | 0049 ff87 | 5805 0000 
  0x000002a119a4fef8: ; implicit exception: dispatches to 0x000002a119a50107
  0x000002a119a4fef8: 418b 700c | 488b de49 | 0bd9 480b | df85 db0f | 8cbb 0100 | 0048 8bde | 412b d93b | fb0f 8fad 
  0x000002a119a4ff18: 0100 008b | 720c 03f7 | 8b5a 1048 | c1e3 038b | 430c 2bf0 | 85f6 0f8e | a400 0000 | 3bf0 488b 
  0x000002a119a4ff38: c848 0f4d | ce03 c885 | c90f 8e0c | 0000 0081 | f9f7 ffff | 7f0f 8e26 | 0000 0048 | 899c 2498 
  0x000002a119a4ff58: 0000 0048 | 8bd0 4c8b | c666 0f1f 

  0x000002a119a4ff64: ;   {static_call}
  0x000002a119a4ff64: 4400 00e8 

  0x000002a119a4ff68: ; ImmutableOopMap {[152]=Oop [160]=Oop [168]=Oop [192]=Oop }
                      ;*invokestatic hugeLength {reexecute=0 rethrow=0 return_oop=0}
                      ; - jdk.internal.util.ArraysSupport::newLength@23 (line 745)
                      ; - java.io.ByteArrayOutputStream::ensureCapacity@22 (line 100)
                      ; - java.io.ByteArrayOutputStream::write@15 (line 132)
  0x000002a119a4ff68: 14f1 6dff 

  0x000002a119a4ff6c: ;   {other}
  0x000002a119a4ff6c: 0f1f 8400 | dc02 0000 | e90b 0000 | 0048 899c | 2498 0000 | 0048 8bc1 | 488b 9c24 | 9800 0000 
  0x000002a119a4ff8c: 488b d34c | 8bc0 0f1f 

  0x000002a119a4ff94: ;   {static_call}
  0x000002a119a4ff94: 4400 00e8 

  0x000002a119a4ff98: ; ImmutableOopMap {[160]=Oop [168]=Oop [192]=Oop }
                      ;*invokestatic copyOf {reexecute=0 rethrow=0 return_oop=0}
                      ; - java.io.ByteArrayOutputStream::ensureCapacity@25 (line 100)
                      ; - java.io.ByteArrayOutputStream::write@15 (line 132)
  0x000002a119a4ff98: 2464 a8ff 

  0x000002a119a4ff9c: ;   {other}
  0x000002a119a4ff9c: 0f1f 8400 | 0c03 0001 | 410f be57 | 3885 d248 | 8b94 24a0 | 0000 000f | 8558 0100 | 004c 8bd0 
  0x000002a119a4ffbc: 49c1 ea03 | 4489 5210 | 4c8b c24c | 33c0 49c1 | e815 4983 | f800 0f85 | 5901 0000 | 448b 4a10 
  0x000002a119a4ffdc: 49c1 e103 | 8b7a 0c48 | 8b94 24a8 | 0000 0044 | 8b84 24b0 | 0000 008b | b424 b400 | 0000 4d85 
  0x000002a119a4fffc: c90f 8446 | 0100 0045 | 85c0 0f8c | 3d01 0000 | 85ff 0f8c | 3501 0000 | 498d 0c30 | 3b4a 0c0f 
  0x000002a119a5001c: 8728 0100 | 0048 8d0c | 3741 3b49 | 0c0f 871a | 0100 0085 | f60f 8c12 | 0100 004d | 63c0 4863 
  0x000002a119a5003c: ff4a 8d4c | 0210 498d | 5439 104c | 8bc6 4883 | ec20 40f6 | c40f 0f84 | 1200 0000 | 4883 ec08 
  0x000002a119a5005c: ;   {runtime_call StubRoutines (final stubs)}
  0x000002a119a5005c: e8bf 2c6c | ff48 83c4 | 08e9 0500 

  0x000002a119a50068: ;   {runtime_call StubRoutines (final stubs)}
  0x000002a119a50068: 0000 e8b1 | 2c6c ff48 | 83c4 2048 | 8b94 24a0 | 0000 008b | 420c 0384 | 24b4 0000 | 0089 420c 
  0x000002a119a50088: 488d 8424 | b800 0000 | 488b 1048 | 85d2 0f84 | 0f00 0000 | 4c8b 4008 | f049 0fb1 | 100f 85ae 
  0x000002a119a500a8: 0000 0049 | ff8f 5805 | 0000 4881 | c4d0 0000 

  0x000002a119a500b8: ;   {poll_return}
  0x000002a119a500b8: 005d 493b | a758 0400 | 000f 87a8 | 0000 00c3 

  0x000002a119a500c8: ;   {oop(nullptr)}
  0x000002a119a500c8: 48ba 0000 | 0000 0000 | 0000 4d8b | c14c 8bcf | 488b fe0f 

  0x000002a119a500dc: ;   {static_call}
  0x000002a119a500dc: 1f40 00e8 

  0x000002a119a500e0: ; ImmutableOopMap {[160]=Oop [168]=Oop [192]=Oop }
                      ;*invokestatic outOfBoundsCheckFromIndexSize {reexecute=0 rethrow=0 return_oop=0}
                      ; - jdk.internal.util.Preconditions::checkFromIndexSize@19 (line 397)
                      ; - java.util.Objects::checkFromIndexSize@4 (line 417)
                      ; - java.io.ByteArrayOutputStream::write@4 (line 131)
  0x000002a119a500e0: 9cef 6dff 

  0x000002a119a500e4: ;   {other}
  0x000002a119a500e4: 0f1f 8400 | 5404 0002 

  0x000002a119a500ec: ; implicit exception: dispatches to 0x000002a119a50185
  0x000002a119a500ec: 483b 00e9 | b300 0000 | 4889 5424 | 0848 8934 

  0x000002a119a500fc: ;   {runtime_call monitorenter_nofpu Runtime1 stub}
  0x000002a119a500fc: 24e8 fe8d 

  0x000002a119a50100: ; ImmutableOopMap {rdx=Oop r8=Oop [160]=Oop [168]=Oop [192]=Oop }
                      ;*synchronization entry
                      ; - java.io.ByteArrayOutputStream::write@-1 (line 131)
  0x000002a119a50100: 79ff e9f1 

  0x000002a119a50104: ;   {runtime_call throw_null_pointer_exception Runtime1 stub}
  0x000002a119a50104: fdff ffe8 

  0x000002a119a50108: ; ImmutableOopMap {rdx=Oop r8=Oop [160]=Oop [168]=Oop [192]=Oop }
                      ;*arraylength {reexecute=0 rethrow=0 return_oop=0}
                      ; - java.io.ByteArrayOutputStream::write@3 (line 131)
  0x000002a119a50108: f458 79ff 

  0x000002a119a5010c: ;   {runtime_call throw_null_pointer_exception Runtime1 stub}
  0x000002a119a5010c: e8ef 5879 

  0x000002a119a50110: ; ImmutableOopMap {rdx=Oop r8=Oop rbx=Oop [160]=Oop [168]=Oop [192]=Oop }
                      ;*arraylength {reexecute=0 rethrow=0 return_oop=0}
                      ; - java.io.ByteArrayOutputStream::ensureCapacity@4 (line 97)
                      ; - java.io.ByteArrayOutputStream::write@15 (line 132)
  0x000002a119a50110: ff44 8b42 | 1049 c1e0 | 0349 83f8 | 000f 8496 | feff ff4c 

  0x000002a119a50124: ;   {runtime_call g1_pre_barrier_slow}
  0x000002a119a50124: 8904 24e8 | d4b4 79ff | e988 feff | ff48 83f8 | 000f 849d | feff ff48 

  0x000002a119a5013c: ;   {runtime_call g1_post_barrier_slow}
  0x000002a119a5013c: 8914 24e8 | bcb7 79ff | e98f feff | ff66 0f1f 

  0x000002a119a5014c: ;   {static_call}
  0x000002a119a5014c: 4400 00e8 

  0x000002a119a50150: ; ImmutableOopMap {[160]=Oop [192]=Oop }
                      ;*invokestatic arraycopy {reexecute=0 rethrow=0 return_oop=0}
                      ; - java.io.ByteArrayOutputStream::write@29 (line 133)
  0x000002a119a50150: 2cef 6dff | e91a ffff | ff48 8d84 | 24b8 0000 | 0048 8904 

  0x000002a119a50164: ;   {runtime_call monitorexit_nofpu Runtime1 stub}
  0x000002a119a50164: 24e8 9693 | 79ff e943 

  0x000002a119a5016c: ;   {internal_word}
  0x000002a119a5016c: ffff ff49 | baba 00a5 | 19a1 0200 | 004d 8997 | 7004 0000 

  0x000002a119a50180: ;   {runtime_call SafepointBlob}
  0x000002a119a50180: e97b 556e 

  0x000002a119a50184: ;   {runtime_call throw_null_pointer_exception Runtime1 stub}
  0x000002a119a50184: ffe8 7658 

  0x000002a119a50188: ; ImmutableOopMap {rax=Oop [160]=Oop [168]=Oop [192]=Oop }
                      ;*athrow {reexecute=1 rethrow=0 return_oop=0}
                      ; - (reexecute) jdk.internal.util.Preconditions::checkFromIndexSize@22 (line 397)
                      ; - java.util.Objects::checkFromIndexSize@4 (line 417)
                      ; - java.io.ByteArrayOutputStream::write@4 (line 131)
  0x000002a119a50188: 79ff 498b | 8708 0500 | 0049 c787 | 0805 0000 | 0000 0000 | 49c7 8710 | 0500 0000 | 0000 0048 
  0x000002a119a501a8: 8bd8 488d | 8424 b800 | 0000 488b | 3848 85ff | 0f84 0f00 | 0000 488b | 7008 f048 | 0fb1 3e0f 
  0x000002a119a501c8: 8517 0000 | 0049 ff8f | 5805 0000 | 488b c348 | 81c4 d000 

  0x000002a119a501dc: ;   {runtime_call unwind_exception Runtime1 stub}
  0x000002a119a501dc: 0000 5de9 | 9c43 79ff | 488d 8424 | b800 0000 | 4889 0424 

  0x000002a119a501f0: ;   {runtime_call monitorexit_nofpu Runtime1 stub}
  0x000002a119a501f0: e80b 9379 | ffeb ddf4 
[Stub Code]
  0x000002a119a501f8: ;   {no_reloc}
  0x000002a119a501f8: 48bb 0000 | 0000 0000 

  0x000002a119a50200: ;   {runtime_call}
  0x000002a119a50200: 0000 e9fb 

  0x000002a119a50204: ;   {static_stub}
  0x000002a119a50204: ffff ff48 | bb00 0000 | 0000 0000 

  0x000002a119a50210: ;   {runtime_call}
  0x000002a119a50210: 00e9 fbff 

  0x000002a119a50214: ;   {static_stub}
  0x000002a119a50214: ffff 48bb | 0000 0000 | 0000 0000 

  0x000002a119a50220: ;   {runtime_call}
  0x000002a119a50220: e9fb ffff 

  0x000002a119a50224: ;   {static_stub}
  0x000002a119a50224: ff48 bb00 | 0000 0000 

  0x000002a119a5022c: ;   {runtime_call}
  0x000002a119a5022c: 0000 00e9 | fbff ffff 
[Exception Handler]
  0x000002a119a50234: ;   {runtime_call handle_exception_from_callee Runtime1 stub}
  0x000002a119a50234: e8c7 7a79 

  0x000002a119a50238: ;   {external_word}
  0x000002a119a50238: ff48 b9c0 | 18b9 21fd | 7f00 0048 

  0x000002a119a50244: ;   {runtime_call}
  0x000002a119a50244: 83e4 f048 | b8c0 9480 | 21fd 7f00 | 00ff d0f4 
[Deopt Handler Code]
  0x000002a119a50254: ;   {section_word}
  0x000002a119a50254: 49ba 5402 | a519 a102 | 0000 4152 

  0x000002a119a50260: ;   {runtime_call DeoptimizationBlob}
  0x000002a119a50260: e93b 476e | fff4 f4f4 
[/MachCode]


---------------  P R O C E S S  ---------------

Threads class SMR info:
_java_thread_list=0x000002a16dd2c810, length=35, elements={
0x000002a1242fcb30, 0x000002a1242fda50, 0x000002a124301040, 0x000002a124760090,
0x000002a124760cd0, 0x000002a1243086a0, 0x000002a12476a260, 0x000002a124305f40,
0x000002a1243065d0, 0x000002a124306c60, 0x000002a1243072f0, 0x000002a16b234a30,
0x000002a16b231c40, 0x000002a16b232ff0, 0x000002a16b22fb70, 0x000002a16b233680,
0x000002a16b2343a0, 0x000002a16b232960, 0x000002a16b236b00, 0x000002a16b230200,
0x000002a16b2350c0, 0x000002a16b235750, 0x000002a16b235de0, 0x000002a16b2322d0,
0x000002a16b230f20, 0x000002a16b230890, 0x000002a16b2315b0, 0x000002a124307980,
0x000002a16dbbe5a0, 0x000002a16dbc3460, 0x000002a16dbc3af0, 0x000002a16dbc0670,
0x000002a16dbc2dd0, 0x000002a16dbc0d00, 0x000002a16dbc4180
}

Java Threads: ( => current thread )
  0x000002a1242fcb30 JavaThread "Reference Handler"          daemon [_thread_blocked, id=5228, stack(0x000000d715e00000,0x000000d715f00000) (1024K)]
  0x000002a1242fda50 JavaThread "Finalizer"                  daemon [_thread_blocked, id=20452, stack(0x000000d715f00000,0x000000d716000000) (1024K)]
  0x000002a124301040 JavaThread "Signal Dispatcher"          daemon [_thread_blocked, id=30884, stack(0x000000d716000000,0x000000d716100000) (1024K)]
  0x000002a124760090 JavaThread "Attach Listener"            daemon [_thread_blocked, id=3536, stack(0x000000d716100000,0x000000d716200000) (1024K)]
  0x000002a124760cd0 JavaThread "Service Thread"             daemon [_thread_blocked, id=1852, stack(0x000000d716200000,0x000000d716300000) (1024K)]
  0x000002a1243086a0 JavaThread "Monitor Deflation Thread"   daemon [_thread_blocked, id=17404, stack(0x000000d716300000,0x000000d716400000) (1024K)]
  0x000002a12476a260 JavaThread "C1 CompilerThread0"         daemon [_thread_blocked, id=30916, stack(0x000000d716400000,0x000000d716500000) (1024K)]
  0x000002a124305f40 JavaThread "Common-Cleaner"             daemon [_thread_blocked, id=30144, stack(0x000000d716600000,0x000000d716700000) (1024K)]
  0x000002a1243065d0 JavaThread "Monitor Ctrl-Break"         daemon [_thread_in_native, id=30600, stack(0x000000d716900000,0x000000d716a00000) (1024K)]
  0x000002a124306c60 JavaThread "Notification Thread"        daemon [_thread_blocked, id=10428, stack(0x000000d716a00000,0x000000d716b00000) (1024K)]
  0x000002a1243072f0 JavaThread "RMI TCP Accept-0"           daemon [_thread_in_native, id=23384, stack(0x000000d716d00000,0x000000d716e00000) (1024K)]
  0x000002a16b234a30 JavaThread "RMI Scheduler(0)"           daemon [_thread_blocked, id=18356, stack(0x000000d717e00000,0x000000d717f00000) (1024K)]
  0x000002a16b231c40 JavaThread "Catalina-utility-1"                [_thread_blocked, id=26080, stack(0x000000d717a00000,0x000000d717b00000) (1024K)]
  0x000002a16b232ff0 JavaThread "Catalina-utility-2"                [_thread_blocked, id=2412, stack(0x000000d718300000,0x000000d718400000) (1024K)]
  0x000002a16b22fb70 JavaThread "container-0"                       [_thread_blocked, id=9176, stack(0x000000d718400000,0x000000d718500000) (1024K)]
  0x000002a16b233680 JavaThread "mysql-cj-abandoned-connection-cleanup" daemon [_thread_blocked, id=28756, stack(0x000000d718500000,0x000000d718600000) (1024K)]
  0x000002a16b2343a0 JavaThread "HikariPool-1 housekeeper"   daemon [_thread_blocked, id=5168, stack(0x000000d718700000,0x000000d718800000) (1024K)]
  0x000002a16b232960 JavaThread "File Watcher"               daemon [_thread_blocked, id=13424, stack(0x000000d718a00000,0x000000d718b00000) (1024K)]
  0x000002a16b236b00 JavaThread "Live Reload Server"         daemon [_thread_in_native, id=9824, stack(0x000000d718900000,0x000000d718a00000) (1024K)]
  0x000002a16b230200 JavaThread "MessageBroker-1"                   [_thread_blocked, id=23736, stack(0x000000d718b00000,0x000000d718c00000) (1024K)]
  0x000002a16b2350c0 JavaThread "http-nio-8080-exec-1"       daemon [_thread_blocked, id=18048, stack(0x000000d718c00000,0x000000d718d00000) (1024K)]
  0x000002a16b235750 JavaThread "http-nio-8080-exec-2"       daemon [_thread_blocked, id=28180, stack(0x000000d718d00000,0x000000d718e00000) (1024K)]
  0x000002a16b235de0 JavaThread "http-nio-8080-exec-3"       daemon [_thread_blocked, id=20344, stack(0x000000d718e00000,0x000000d718f00000) (1024K)]
  0x000002a16b2322d0 JavaThread "http-nio-8080-exec-4"       daemon [_thread_blocked, id=30676, stack(0x000000d718f00000,0x000000d719000000) (1024K)]
  0x000002a16b230f20 JavaThread "http-nio-8080-exec-5"       daemon [_thread_blocked, id=9256, stack(0x000000d719000000,0x000000d719100000) (1024K)]
  0x000002a16b230890 JavaThread "http-nio-8080-exec-6"       daemon [_thread_blocked, id=3140, stack(0x000000d719100000,0x000000d719200000) (1024K)]
  0x000002a16b2315b0 JavaThread "http-nio-8080-exec-7"       daemon [_thread_blocked, id=8252, stack(0x000000d719200000,0x000000d719300000) (1024K)]
  0x000002a124307980 JavaThread "http-nio-8080-exec-8"       daemon [_thread_blocked, id=25396, stack(0x000000d719300000,0x000000d719400000) (1024K)]
=>0x000002a16dbbe5a0 JavaThread "http-nio-8080-exec-9"       daemon [_thread_in_vm, id=24860, stack(0x000000d719400000,0x000000d719500000) (1024K)]
  0x000002a16dbc3460 JavaThread "http-nio-8080-exec-10"      daemon [_thread_blocked, id=9640, stack(0x000000d719500000,0x000000d719600000) (1024K)]
  0x000002a16dbc3af0 JavaThread "http-nio-8080-Poller"       daemon [_thread_in_native, id=22592, stack(0x000000d719600000,0x000000d719700000) (1024K)]
  0x000002a16dbc0670 JavaThread "http-nio-8080-Acceptor"     daemon [_thread_in_native, id=16232, stack(0x000000d719700000,0x000000d719800000) (1024K)]
  0x000002a16dbc2dd0 JavaThread "DestroyJavaVM"                     [_thread_blocked, id=22452, stack(0x000000d715600000,0x000000d715700000) (1024K)]
  0x000002a16dbc0d00 JavaThread "MessageBroker-2"                   [_thread_blocked, id=19048, stack(0x000000d716700000,0x000000d716800000) (1024K)]
  0x000002a16dbc4180 JavaThread "Java2D Disposer"            daemon [_thread_blocked, id=28248, stack(0x000000d717300000,0x000000d717400000) (1024K)]
Total: 35

Other Threads:
  0x000002a1242dc440 VMThread "VM Thread"                           [id=4824, stack(0x000000d715d00000,0x000000d715e00000) (1024K)]
  0x000002a1242c17b0 WatcherThread "VM Periodic Task Thread"        [id=2880, stack(0x000000d715c00000,0x000000d715d00000) (1024K)]
  0x000002a110e1ba20 WorkerThread "GC Thread#0"                     [id=664, stack(0x000000d715700000,0x000000d715800000) (1024K)]
  0x000002a16a6f3bf0 WorkerThread "GC Thread#1"                     [id=18948, stack(0x000000d716e00000,0x000000d716f00000) (1024K)]
  0x000002a16a6ebbd0 WorkerThread "GC Thread#2"                     [id=28144, stack(0x000000d716f00000,0x000000d717000000) (1024K)]
  0x000002a16a6f26d0 WorkerThread "GC Thread#3"                     [id=16732, stack(0x000000d717000000,0x000000d717100000) (1024K)]
  0x000002a16a6f2a80 WorkerThread "GC Thread#4"                     [id=25588, stack(0x000000d717100000,0x000000d717200000) (1024K)]
  0x000002a16a6f2e30 WorkerThread "GC Thread#5"                     [id=15300, stack(0x000000d717200000,0x000000d717300000) (1024K)]
  0x000002a16ace5360 WorkerThread "GC Thread#6"                     [id=26068, stack(0x000000d717500000,0x000000d717600000) (1024K)]
  0x000002a16ace5710 WorkerThread "GC Thread#7"                     [id=8924, stack(0x000000d717600000,0x000000d717700000) (1024K)]
  0x000002a16ae2e640 WorkerThread "GC Thread#8"                     [id=21640, stack(0x000000d717700000,0x000000d717800000) (1024K)]
  0x000002a16ae23910 WorkerThread "GC Thread#9"                     [id=31052, stack(0x000000d717f00000,0x000000d718000000) (1024K)]
  0x000002a16ae22e00 WorkerThread "GC Thread#10"                    [id=5104, stack(0x000000d718000000,0x000000d718100000) (1024K)]
  0x000002a16ae23560 WorkerThread "GC Thread#11"                    [id=22500, stack(0x000000d718100000,0x000000d718200000) (1024K)]
  0x000002a16ae23cc0 WorkerThread "GC Thread#12"                    [id=26996, stack(0x000000d718200000,0x000000d718300000) (1024K)]
  0x000002a110e2e630 ConcurrentGCThread "G1 Main Marker"            [id=30796, stack(0x000000d715800000,0x000000d715900000) (1024K)]
  0x000002a110e2f950 WorkerThread "G1 Conc#0"                       [id=13404, stack(0x000000d715900000,0x000000d715a00000) (1024K)]
  0x000002a16ae24070 WorkerThread "G1 Conc#1"                       [id=10872, stack(0x000000d717800000,0x000000d717900000) (1024K)]
  0x000002a16ae231b0 WorkerThread "G1 Conc#2"                       [id=29712, stack(0x000000d717900000,0x000000d717a00000) (1024K)]
  0x000002a124194d80 ConcurrentGCThread "G1 Refine#0"               [id=30996, stack(0x000000d715a00000,0x000000d715b00000) (1024K)]
  0x000002a124195900 ConcurrentGCThread "G1 Service"                [id=31728, stack(0x000000d715b00000,0x000000d715c00000) (1024K)]
Total: 21

Threads with active compile tasks:
Total: 0

VM state: not at safepoint (normal execution)

VM Mutex/Monitor currently owned by a thread:  ([mutex/lock_event])
[0x00007ffd21e3bcb8] Heap_lock - owner thread: 0x000002a16dbbe5a0

Heap address: 0x0000000705c00000, size: 4004 MB, Compressed Oops mode: Zero based, Oop shift amount: 3

CDS archive(s) mapped at: [0x000002a125000000-0x000002a125c60000-0x000002a125c60000), size 12976128, SharedBaseAddress: 0x000002a125000000, ArchiveRelocationMode: 1.
Compressed class space mapped at: 0x000002a126000000-0x000002a166000000, reserved size: 1073741824
Narrow klass base: 0x000002a125000000, Narrow klass shift: 0, Narrow klass range: 0x41000000

GC Precious Log:
 CardTable entry size: 512
 Card Set container configuration: InlinePtr #cards 4 size 8 Array Of Cards #cards 16 size 48 Howl #buckets 8 coarsen threshold 3686 Howl Bitmap #cards 512 size 80 coarsen threshold 460 Card regions per heap region 1 cards per card region 4096
 CPUs: 16 total, 16 available
 Memory: 16008M
 Large Page Support: Disabled
 NUMA Support: Disabled
 Compressed Oops: Enabled (Zero based)
 Heap Region Size: 2M
 Heap Min Capacity: 8M
 Heap Initial Capacity: 252M
 Heap Max Capacity: 4004M
 Pre-touch: Disabled
 Parallel Workers: 13
 Concurrent Workers: 3
 Concurrent Refinement Workers: 13
 Periodic GC: Disabled

Heap:
 garbage-first heap   total reserved 4100096K, committed 387072K, used 377352K [0x0000000705c00000, 0x0000000800000000)
  region size 2048K, 7 young (14336K), 1 survivors (2048K)
 Metaspace       used 90894K, committed 92224K, reserved 1179648K
  class space    used 13401K, committed 13952K, reserved 1048576K

Heap Regions: E=young(eden), S=young(survivor), O=old, HS=humongous(starts), HC=humongous(continues), CS=collection set, F=free, TAMS=top-at-mark-start, PB=parsable bottom
|   0|0x0000000705c00000, 0x0000000705e00000, 0x0000000705e00000|100%| O|  |TAMS 0x0000000705c00000| PB 0x0000000705c00000| Untracked |  0
|   1|0x0000000705e00000, 0x0000000706000000, 0x0000000706000000|100%| O|  |TAMS 0x0000000705e00000| PB 0x0000000705e00000| Untracked |  0
|   2|0x0000000706000000, 0x0000000706200000, 0x0000000706200000|100%| O|  |TAMS 0x0000000706000000| PB 0x0000000706000000| Untracked |  0
|   3|0x0000000706200000, 0x0000000706400000, 0x0000000706400000|100%| O|  |TAMS 0x0000000706200000| PB 0x0000000706200000| Untracked |  0
|   4|0x0000000706400000, 0x0000000706600000, 0x0000000706600000|100%| O|  |TAMS 0x0000000706400000| PB 0x0000000706400000| Untracked |  0
|   5|0x0000000706600000, 0x0000000706800000, 0x0000000706800000|100%| O|  |TAMS 0x0000000706600000| PB 0x0000000706600000| Untracked |  0
|   6|0x0000000706800000, 0x0000000706a00000, 0x0000000706a00000|100%| O|  |TAMS 0x0000000706800000| PB 0x0000000706800000| Untracked |  0
|   7|0x0000000706a00000, 0x0000000706c00000, 0x0000000706c00000|100%| O|  |TAMS 0x0000000706a00000| PB 0x0000000706a00000| Untracked |  0
|   8|0x0000000706c00000, 0x0000000706cc3f18, 0x0000000706e00000| 38%| O|Cm|TAMS 0x0000000706c00000| PB 0x0000000706c00000| Complete |  0
|   9|0x0000000706e00000, 0x0000000707000000, 0x0000000707000000|100%| O|  |TAMS 0x0000000706e00000| PB 0x0000000706e00000| Untracked |  0
|  10|0x0000000707000000, 0x0000000707200000, 0x0000000707200000|100%| O|  |TAMS 0x0000000707000000| PB 0x0000000707000000| Untracked |  0
|  11|0x0000000707200000, 0x0000000707400000, 0x0000000707400000|100%| O|  |TAMS 0x0000000707200000| PB 0x0000000707200000| Untracked |  0
|  12|0x0000000707400000, 0x0000000707600000, 0x0000000707600000|100%| O|Cm|TAMS 0x0000000707400000| PB 0x0000000707400000| Complete |  0
|  13|0x0000000707600000, 0x0000000707800000, 0x0000000707800000|100%| O|  |TAMS 0x0000000707600000| PB 0x0000000707600000| Untracked |  0
|  14|0x0000000707800000, 0x0000000707a00000, 0x0000000707a00000|100%| O|  |TAMS 0x0000000707800000| PB 0x0000000707800000| Untracked |  0
|  15|0x0000000707a00000, 0x0000000707c00000, 0x0000000707c00000|100%| O|  |TAMS 0x0000000707a00000| PB 0x0000000707a00000| Untracked |  0
|  16|0x0000000707c00000, 0x0000000707e00000, 0x0000000707e00000|100%|HS|  |TAMS 0x0000000707c00000| PB 0x0000000707c00000| Complete |  0
|  17|0x0000000707e00000, 0x0000000708000000, 0x0000000708000000|100%|HS|  |TAMS 0x0000000707e00000| PB 0x0000000707e00000| Complete |  0
|  18|0x0000000708000000, 0x0000000708200000, 0x0000000708200000|100%| O|  |TAMS 0x0000000708000000| PB 0x0000000708000000| Untracked |  0
|  19|0x0000000708200000, 0x0000000708400000, 0x0000000708400000|100%| O|  |TAMS 0x0000000708200000| PB 0x0000000708200000| Untracked |  0
|  20|0x0000000708400000, 0x0000000708600000, 0x0000000708600000|100%| O|Cm|TAMS 0x0000000708400000| PB 0x0000000708400000| Complete |  0
|  21|0x0000000708600000, 0x0000000708800000, 0x0000000708800000|100%| O|  |TAMS 0x0000000708600000| PB 0x0000000708600000| Untracked |  0
|  22|0x0000000708800000, 0x0000000708a00000, 0x0000000708a00000|100%|HS|  |TAMS 0x0000000708800000| PB 0x0000000708800000| Complete |  0
|  23|0x0000000708a00000, 0x0000000708c00000, 0x0000000708c00000|100%| O|  |TAMS 0x0000000708a00000| PB 0x0000000708a00000| Untracked |  0
|  24|0x0000000708c00000, 0x0000000708e00000, 0x0000000708e00000|100%|HS|  |TAMS 0x0000000708c00000| PB 0x0000000708c00000| Complete |  0
|  25|0x0000000708e00000, 0x0000000709000000, 0x0000000709000000|100%|HC|  |TAMS 0x0000000708e00000| PB 0x0000000708e00000| Complete |  0
|  26|0x0000000709000000, 0x0000000709200000, 0x0000000709200000|100%|HC|  |TAMS 0x0000000709000000| PB 0x0000000709000000| Complete |  0
|  27|0x0000000709200000, 0x0000000709400000, 0x0000000709400000|100%|HS|  |TAMS 0x0000000709200000| PB 0x0000000709200000| Complete |  0
|  28|0x0000000709400000, 0x0000000709600000, 0x0000000709600000|100%|HC|  |TAMS 0x0000000709400000| PB 0x0000000709400000| Complete |  0
|  29|0x0000000709600000, 0x0000000709800000, 0x0000000709800000|100%|HC|  |TAMS 0x0000000709600000| PB 0x0000000709600000| Complete |  0
|  30|0x0000000709800000, 0x0000000709a00000, 0x0000000709a00000|100%|HC|  |TAMS 0x0000000709800000| PB 0x0000000709800000| Complete |  0
|  31|0x0000000709a00000, 0x0000000709c00000, 0x0000000709c00000|100%|HC|  |TAMS 0x0000000709a00000| PB 0x0000000709a00000| Complete |  0
|  32|0x0000000709c00000, 0x0000000709e00000, 0x0000000709e00000|100%|HC|  |TAMS 0x0000000709c00000| PB 0x0000000709c00000| Complete |  0
|  33|0x0000000709e00000, 0x000000070a000000, 0x000000070a000000|100%|HS|  |TAMS 0x0000000709e00000| PB 0x0000000709e00000| Complete |  0
|  34|0x000000070a000000, 0x000000070a200000, 0x000000070a200000|100%|HC|  |TAMS 0x000000070a000000| PB 0x000000070a000000| Complete |  0
|  35|0x000000070a200000, 0x000000070a400000, 0x000000070a400000|100%|HC|  |TAMS 0x000000070a200000| PB 0x000000070a200000| Complete |  0
|  36|0x000000070a400000, 0x000000070a600000, 0x000000070a600000|100%|HS|  |TAMS 0x000000070a400000| PB 0x000000070a400000| Complete |  0
|  37|0x000000070a600000, 0x000000070a800000, 0x000000070a800000|100%|HC|  |TAMS 0x000000070a600000| PB 0x000000070a600000| Complete |  0
|  38|0x000000070a800000, 0x000000070aa00000, 0x000000070aa00000|100%|HS|  |TAMS 0x000000070a800000| PB 0x000000070a800000| Complete |  0
|  39|0x000000070aa00000, 0x000000070ac00000, 0x000000070ac00000|100%|HC|  |TAMS 0x000000070aa00000| PB 0x000000070aa00000| Complete |  0
|  40|0x000000070ac00000, 0x000000070ae00000, 0x000000070ae00000|100%|HC|  |TAMS 0x000000070ac00000| PB 0x000000070ac00000| Complete |  0
|  41|0x000000070ae00000, 0x000000070b000000, 0x000000070b000000|100%|HS|  |TAMS 0x000000070ae00000| PB 0x000000070ae00000| Complete |  0
|  42|0x000000070b000000, 0x000000070b200000, 0x000000070b200000|100%|HC|  |TAMS 0x000000070b000000| PB 0x000000070b000000| Complete |  0
|  43|0x000000070b200000, 0x000000070b400000, 0x000000070b400000|100%|HC|  |TAMS 0x000000070b200000| PB 0x000000070b200000| Complete |  0
|  44|0x000000070b400000, 0x000000070b600000, 0x000000070b600000|100%|HC|  |TAMS 0x000000070b400000| PB 0x000000070b400000| Complete |  0
|  45|0x000000070b600000, 0x000000070b800000, 0x000000070b800000|100%|HC|  |TAMS 0x000000070b600000| PB 0x000000070b600000| Complete |  0
|  46|0x000000070b800000, 0x000000070ba00000, 0x000000070ba00000|100%|HS|  |TAMS 0x000000070b800000| PB 0x000000070b800000| Complete |  0
|  47|0x000000070ba00000, 0x000000070bc00000, 0x000000070bc00000|100%|HC|  |TAMS 0x000000070ba00000| PB 0x000000070ba00000| Complete |  0
|  48|0x000000070bc00000, 0x000000070be00000, 0x000000070be00000|100%|HC|  |TAMS 0x000000070bc00000| PB 0x000000070bc00000| Complete |  0
|  49|0x000000070be00000, 0x000000070c000000, 0x000000070c000000|100%|HS|  |TAMS 0x000000070be00000| PB 0x000000070be00000| Complete |  0
|  50|0x000000070c000000, 0x000000070c200000, 0x000000070c200000|100%|HC|  |TAMS 0x000000070c000000| PB 0x000000070c000000| Complete |  0
|  51|0x000000070c200000, 0x000000070c400000, 0x000000070c400000|100%|HC|  |TAMS 0x000000070c200000| PB 0x000000070c200000| Complete |  0
|  52|0x000000070c400000, 0x000000070c600000, 0x000000070c600000|100%|HS|  |TAMS 0x000000070c400000| PB 0x000000070c400000| Complete |  0
|  53|0x000000070c600000, 0x000000070c800000, 0x000000070c800000|100%|HC|  |TAMS 0x000000070c600000| PB 0x000000070c600000| Complete |  0
|  54|0x000000070c800000, 0x000000070ca00000, 0x000000070ca00000|100%|HC|  |TAMS 0x000000070c800000| PB 0x000000070c800000| Complete |  0
|  55|0x000000070ca00000, 0x000000070cc00000, 0x000000070cc00000|100%|HS|  |TAMS 0x000000070ca00000| PB 0x000000070ca00000| Complete |  0
|  56|0x000000070cc00000, 0x000000070ce00000, 0x000000070ce00000|100%|HC|  |TAMS 0x000000070cc00000| PB 0x000000070cc00000| Complete |  0
|  57|0x000000070ce00000, 0x000000070d000000, 0x000000070d000000|100%|HS|  |TAMS 0x000000070ce00000| PB 0x000000070ce00000| Complete |  0
|  58|0x000000070d000000, 0x000000070d200000, 0x000000070d200000|100%|HC|  |TAMS 0x000000070d000000| PB 0x000000070d000000| Complete |  0
|  59|0x000000070d200000, 0x000000070d400000, 0x000000070d400000|100%|HC|  |TAMS 0x000000070d200000| PB 0x000000070d200000| Complete |  0
|  60|0x000000070d400000, 0x000000070d600000, 0x000000070d600000|100%|HS|  |TAMS 0x000000070d400000| PB 0x000000070d400000| Complete |  0
|  61|0x000000070d600000, 0x000000070d800000, 0x000000070d800000|100%|HC|  |TAMS 0x000000070d600000| PB 0x000000070d600000| Complete |  0
|  62|0x000000070d800000, 0x000000070da00000, 0x000000070da00000|100%|HC|  |TAMS 0x000000070d800000| PB 0x000000070d800000| Complete |  0
|  63|0x000000070da00000, 0x000000070dc00000, 0x000000070dc00000|100%|HC|  |TAMS 0x000000070da00000| PB 0x000000070da00000| Complete |  0
|  64|0x000000070dc00000, 0x000000070de00000, 0x000000070de00000|100%|HC|  |TAMS 0x000000070dc00000| PB 0x000000070dc00000| Complete |  0
|  65|0x000000070de00000, 0x000000070e000000, 0x000000070e000000|100%|HS|  |TAMS 0x000000070de00000| PB 0x000000070de00000| Complete |  0
|  66|0x000000070e000000, 0x000000070e200000, 0x000000070e200000|100%|HC|  |TAMS 0x000000070e000000| PB 0x000000070e000000| Complete |  0
|  67|0x000000070e200000, 0x000000070e400000, 0x000000070e400000|100%|HC|  |TAMS 0x000000070e200000| PB 0x000000070e200000| Complete |  0
|  68|0x000000070e400000, 0x000000070e600000, 0x000000070e600000|100%|HS|  |TAMS 0x000000070e400000| PB 0x000000070e400000| Complete |  0
|  69|0x000000070e600000, 0x000000070e800000, 0x000000070e800000|100%|HC|  |TAMS 0x000000070e600000| PB 0x000000070e600000| Complete |  0
|  70|0x000000070e800000, 0x000000070ea00000, 0x000000070ea00000|100%|HC|  |TAMS 0x000000070e800000| PB 0x000000070e800000| Complete |  0
|  71|0x000000070ea00000, 0x000000070ec00000, 0x000000070ec00000|100%|HS|  |TAMS 0x000000070ea00000| PB 0x000000070ea00000| Complete |  0
|  72|0x000000070ec00000, 0x000000070ee00000, 0x000000070ee00000|100%|HC|  |TAMS 0x000000070ec00000| PB 0x000000070ec00000| Complete |  0
|  73|0x000000070ee00000, 0x000000070f000000, 0x000000070f000000|100%|HC|  |TAMS 0x000000070ee00000| PB 0x000000070ee00000| Complete |  0
|  74|0x000000070f000000, 0x000000070f200000, 0x000000070f200000|100%|HS|  |TAMS 0x000000070f000000| PB 0x000000070f000000| Complete |  0
|  75|0x000000070f200000, 0x000000070f400000, 0x000000070f400000|100%|HC|  |TAMS 0x000000070f200000| PB 0x000000070f200000| Complete |  0
|  76|0x000000070f400000, 0x000000070f600000, 0x000000070f600000|100%|HS|  |TAMS 0x000000070f400000| PB 0x000000070f400000| Complete |  0
|  77|0x000000070f600000, 0x000000070f800000, 0x000000070f800000|100%|HC|  |TAMS 0x000000070f600000| PB 0x000000070f600000| Complete |  0
|  78|0x000000070f800000, 0x000000070fa00000, 0x000000070fa00000|100%|HC|  |TAMS 0x000000070f800000| PB 0x000000070f800000| Complete |  0
|  79|0x000000070fa00000, 0x000000070fc00000, 0x000000070fc00000|100%|HS|  |TAMS 0x000000070fa00000| PB 0x000000070fa00000| Complete |  0
|  80|0x000000070fc00000, 0x000000070fe00000, 0x000000070fe00000|100%|HC|  |TAMS 0x000000070fc00000| PB 0x000000070fc00000| Complete |  0
|  81|0x000000070fe00000, 0x0000000710000000, 0x0000000710000000|100%|HC|  |TAMS 0x000000070fe00000| PB 0x000000070fe00000| Complete |  0
|  82|0x0000000710000000, 0x0000000710200000, 0x0000000710200000|100%|HC|  |TAMS 0x0000000710000000| PB 0x0000000710000000| Complete |  0
|  83|0x0000000710200000, 0x0000000710400000, 0x0000000710400000|100%|HC|  |TAMS 0x0000000710200000| PB 0x0000000710200000| Complete |  0
|  84|0x0000000710400000, 0x0000000710600000, 0x0000000710600000|100%|HS|  |TAMS 0x0000000710400000| PB 0x0000000710400000| Complete |  0
|  85|0x0000000710600000, 0x0000000710800000, 0x0000000710800000|100%|HC|  |TAMS 0x0000000710600000| PB 0x0000000710600000| Complete |  0
|  86|0x0000000710800000, 0x0000000710a00000, 0x0000000710a00000|100%|HC|  |TAMS 0x0000000710800000| PB 0x0000000710800000| Complete |  0
|  87|0x0000000710a00000, 0x0000000710c00000, 0x0000000710c00000|100%|HS|  |TAMS 0x0000000710a00000| PB 0x0000000710a00000| Complete |  0
|  88|0x0000000710c00000, 0x0000000710e00000, 0x0000000710e00000|100%|HC|  |TAMS 0x0000000710c00000| PB 0x0000000710c00000| Complete |  0
|  89|0x0000000710e00000, 0x0000000711000000, 0x0000000711000000|100%|HC|  |TAMS 0x0000000710e00000| PB 0x0000000710e00000| Complete |  0
|  90|0x0000000711000000, 0x0000000711200000, 0x0000000711200000|100%|HS|  |TAMS 0x0000000711000000| PB 0x0000000711000000| Complete |  0
|  91|0x0000000711200000, 0x0000000711400000, 0x0000000711400000|100%|HC|  |TAMS 0x0000000711200000| PB 0x0000000711200000| Complete |  0
|  92|0x0000000711400000, 0x0000000711600000, 0x0000000711600000|100%|HC|  |TAMS 0x0000000711400000| PB 0x0000000711400000| Complete |  0
|  93|0x0000000711600000, 0x0000000711800000, 0x0000000711800000|100%|HC|  |TAMS 0x0000000711600000| PB 0x0000000711600000| Complete |  0
|  94|0x0000000711800000, 0x0000000711a00000, 0x0000000711a00000|100%|HC|  |TAMS 0x0000000711800000| PB 0x0000000711800000| Complete |  0
|  95|0x0000000711a00000, 0x0000000711c00000, 0x0000000711c00000|100%|HC|  |TAMS 0x0000000711a00000| PB 0x0000000711a00000| Complete |  0
|  96|0x0000000711c00000, 0x0000000711e00000, 0x0000000711e00000|100%|HS|  |TAMS 0x0000000711c00000| PB 0x0000000711c00000| Complete |  0
|  97|0x0000000711e00000, 0x0000000712000000, 0x0000000712000000|100%|HC|  |TAMS 0x0000000711e00000| PB 0x0000000711e00000| Complete |  0
|  98|0x0000000712000000, 0x0000000712200000, 0x0000000712200000|100%|HC|  |TAMS 0x0000000712000000| PB 0x0000000712000000| Complete |  0
|  99|0x0000000712200000, 0x0000000712400000, 0x0000000712400000|100%|HC|  |TAMS 0x0000000712200000| PB 0x0000000712200000| Complete |  0
| 100|0x0000000712400000, 0x0000000712600000, 0x0000000712600000|100%|HC|  |TAMS 0x0000000712400000| PB 0x0000000712400000| Complete |  0
| 101|0x0000000712600000, 0x0000000712800000, 0x0000000712800000|100%|HC|  |TAMS 0x0000000712600000| PB 0x0000000712600000| Complete |  0
| 102|0x0000000712800000, 0x0000000712a00000, 0x0000000712a00000|100%|HS|  |TAMS 0x0000000712800000| PB 0x0000000712800000| Complete |  0
| 103|0x0000000712a00000, 0x0000000712c00000, 0x0000000712c00000|100%|HC|  |TAMS 0x0000000712a00000| PB 0x0000000712a00000| Complete |  0
| 104|0x0000000712c00000, 0x0000000712e00000, 0x0000000712e00000|100%|HC|  |TAMS 0x0000000712c00000| PB 0x0000000712c00000| Complete |  0
| 105|0x0000000712e00000, 0x0000000713000000, 0x0000000713000000|100%|HS|  |TAMS 0x0000000712e00000| PB 0x0000000712e00000| Complete |  0
| 106|0x0000000713000000, 0x0000000713200000, 0x0000000713200000|100%|HS|  |TAMS 0x0000000713000000| PB 0x0000000713000000| Complete |  0
| 107|0x0000000713200000, 0x0000000713400000, 0x0000000713400000|100%|HC|  |TAMS 0x0000000713200000| PB 0x0000000713200000| Complete |  0
| 108|0x0000000713400000, 0x0000000713600000, 0x0000000713600000|100%|HS|  |TAMS 0x0000000713400000| PB 0x0000000713400000| Complete |  0
| 109|0x0000000713600000, 0x0000000713800000, 0x0000000713800000|100%|HC|  |TAMS 0x0000000713600000| PB 0x0000000713600000| Complete |  0
| 110|0x0000000713800000, 0x0000000713a00000, 0x0000000713a00000|100%|HC|  |TAMS 0x0000000713800000| PB 0x0000000713800000| Complete |  0
| 111|0x0000000713a00000, 0x0000000713c00000, 0x0000000713c00000|100%|HS|  |TAMS 0x0000000713a00000| PB 0x0000000713a00000| Complete |  0
| 112|0x0000000713c00000, 0x0000000713e00000, 0x0000000713e00000|100%|HC|  |TAMS 0x0000000713c00000| PB 0x0000000713c00000| Complete |  0
| 113|0x0000000713e00000, 0x0000000714000000, 0x0000000714000000|100%|HC|  |TAMS 0x0000000713e00000| PB 0x0000000713e00000| Complete |  0
| 114|0x0000000714000000, 0x0000000714200000, 0x0000000714200000|100%|HC|  |TAMS 0x0000000714000000| PB 0x0000000714000000| Complete |  0
| 115|0x0000000714200000, 0x0000000714400000, 0x0000000714400000|100%|HC|  |TAMS 0x0000000714200000| PB 0x0000000714200000| Complete |  0
| 116|0x0000000714400000, 0x0000000714600000, 0x0000000714600000|100%|HS|  |TAMS 0x0000000714400000| PB 0x0000000714400000| Complete |  0
| 117|0x0000000714600000, 0x0000000714800000, 0x0000000714800000|100%|HC|  |TAMS 0x0000000714600000| PB 0x0000000714600000| Complete |  0
| 118|0x0000000714800000, 0x0000000714a00000, 0x0000000714a00000|100%|HC|  |TAMS 0x0000000714800000| PB 0x0000000714800000| Complete |  0
| 119|0x0000000714a00000, 0x0000000714c00000, 0x0000000714c00000|100%|HS|  |TAMS 0x0000000714a00000| PB 0x0000000714a00000| Complete |  0
| 120|0x0000000714c00000, 0x0000000714e00000, 0x0000000714e00000|100%|HC|  |TAMS 0x0000000714c00000| PB 0x0000000714c00000| Complete |  0
| 121|0x0000000714e00000, 0x0000000715000000, 0x0000000715000000|100%|HC|  |TAMS 0x0000000714e00000| PB 0x0000000714e00000| Complete |  0
| 122|0x0000000715000000, 0x0000000715200000, 0x0000000715200000|100%|HS|  |TAMS 0x0000000715000000| PB 0x0000000715000000| Complete |  0
| 123|0x0000000715200000, 0x0000000715400000, 0x0000000715400000|100%|HC|  |TAMS 0x0000000715200000| PB 0x0000000715200000| Complete |  0
| 124|0x0000000715400000, 0x0000000715600000, 0x0000000715600000|100%|HC|  |TAMS 0x0000000715400000| PB 0x0000000715400000| Complete |  0
| 125|0x0000000715600000, 0x0000000715800000, 0x0000000715800000|100%|HS|  |TAMS 0x0000000715600000| PB 0x0000000715600000| Complete |  0
| 126|0x0000000715800000, 0x0000000715a00000, 0x0000000715a00000|100%|HC|  |TAMS 0x0000000715800000| PB 0x0000000715800000| Complete |  0
| 127|0x0000000715a00000, 0x0000000715c00000, 0x0000000715c00000|100%|HC|  |TAMS 0x0000000715a00000| PB 0x0000000715a00000| Complete |  0
| 128|0x0000000715c00000, 0x0000000715e00000, 0x0000000715e00000|100%|HS|  |TAMS 0x0000000715c00000| PB 0x0000000715c00000| Complete |  0
| 129|0x0000000715e00000, 0x0000000716000000, 0x0000000716000000|100%|HC|  |TAMS 0x0000000715e00000| PB 0x0000000715e00000| Complete |  0
| 130|0x0000000716000000, 0x0000000716200000, 0x0000000716200000|100%|HC|  |TAMS 0x0000000716000000| PB 0x0000000716000000| Complete |  0
| 131|0x0000000716200000, 0x0000000716400000, 0x0000000716400000|100%|HS|  |TAMS 0x0000000716200000| PB 0x0000000716200000| Complete |  0
| 132|0x0000000716400000, 0x0000000716600000, 0x0000000716600000|100%|HC|  |TAMS 0x0000000716400000| PB 0x0000000716400000| Complete |  0
| 133|0x0000000716600000, 0x0000000716800000, 0x0000000716800000|100%|HC|  |TAMS 0x0000000716600000| PB 0x0000000716600000| Complete |  0
| 134|0x0000000716800000, 0x0000000716a00000, 0x0000000716a00000|100%|HS|  |TAMS 0x0000000716800000| PB 0x0000000716800000| Complete |  0
| 135|0x0000000716a00000, 0x0000000716c00000, 0x0000000716c00000|100%|HC|  |TAMS 0x0000000716a00000| PB 0x0000000716a00000| Complete |  0
| 136|0x0000000716c00000, 0x0000000716e00000, 0x0000000716e00000|100%|HC|  |TAMS 0x0000000716c00000| PB 0x0000000716c00000| Complete |  0
| 137|0x0000000716e00000, 0x0000000717000000, 0x0000000717000000|100%|HC|  |TAMS 0x0000000716e00000| PB 0x0000000716e00000| Complete |  0
| 138|0x0000000717000000, 0x0000000717200000, 0x0000000717200000|100%|HC|  |TAMS 0x0000000717000000| PB 0x0000000717000000| Complete |  0
| 139|0x0000000717200000, 0x0000000717400000, 0x0000000717400000|100%|HC|  |TAMS 0x0000000717200000| PB 0x0000000717200000| Complete |  0
| 140|0x0000000717400000, 0x0000000717600000, 0x0000000717600000|100%|HS|  |TAMS 0x0000000717400000| PB 0x0000000717400000| Complete |  0
| 141|0x0000000717600000, 0x0000000717800000, 0x0000000717800000|100%|HC|  |TAMS 0x0000000717600000| PB 0x0000000717600000| Complete |  0
| 142|0x0000000717800000, 0x0000000717a00000, 0x0000000717a00000|100%|HC|  |TAMS 0x0000000717800000| PB 0x0000000717800000| Complete |  0
| 143|0x0000000717a00000, 0x0000000717c00000, 0x0000000717c00000|100%|HS|  |TAMS 0x0000000717a00000| PB 0x0000000717a00000| Complete |  0
| 144|0x0000000717c00000, 0x0000000717e00000, 0x0000000717e00000|100%|HS|  |TAMS 0x0000000717c00000| PB 0x0000000717c00000| Complete |  0
| 145|0x0000000717e00000, 0x0000000718000000, 0x0000000718000000|100%|HC|  |TAMS 0x0000000717e00000| PB 0x0000000717e00000| Complete |  0
| 146|0x0000000718000000, 0x0000000718200000, 0x0000000718200000|100%|HS|  |TAMS 0x0000000718000000| PB 0x0000000718000000| Complete |  0
| 147|0x0000000718200000, 0x0000000718400000, 0x0000000718400000|100%|HC|  |TAMS 0x0000000718200000| PB 0x0000000718200000| Complete |  0
| 148|0x0000000718400000, 0x0000000718600000, 0x0000000718600000|100%|HC|  |TAMS 0x0000000718400000| PB 0x0000000718400000| Complete |  0
| 149|0x0000000718600000, 0x0000000718800000, 0x0000000718800000|100%|HS|  |TAMS 0x0000000718600000| PB 0x0000000718600000| Complete |  0
| 150|0x0000000718800000, 0x00000007189cc658, 0x0000000718a00000| 89%| S|CS|TAMS 0x0000000718800000| PB 0x0000000718800000| Complete |  0
| 151|0x0000000718a00000, 0x0000000718c00000, 0x0000000718c00000|100%|HS|  |TAMS 0x0000000718a00000| PB 0x0000000718a00000| Complete |  0
| 152|0x0000000718c00000, 0x0000000718e00000, 0x0000000718e00000|100%|HC|  |TAMS 0x0000000718c00000| PB 0x0000000718c00000| Complete |  0
| 153|0x0000000718e00000, 0x0000000719000000, 0x0000000719000000|100%|HC|  |TAMS 0x0000000718e00000| PB 0x0000000718e00000| Complete |  0
| 154|0x0000000719000000, 0x0000000719200000, 0x0000000719200000|100%|HS|  |TAMS 0x0000000719000000| PB 0x0000000719000000| Complete |  0
| 155|0x0000000719200000, 0x0000000719400000, 0x0000000719400000|100%|HC|  |TAMS 0x0000000719200000| PB 0x0000000719200000| Complete |  0
| 156|0x0000000719400000, 0x0000000719600000, 0x0000000719600000|100%|HC|  |TAMS 0x0000000719400000| PB 0x0000000719400000| Complete |  0
| 157|0x0000000719600000, 0x0000000719800000, 0x0000000719800000|100%|HS|  |TAMS 0x0000000719600000| PB 0x0000000719600000| Complete |  0
| 158|0x0000000719800000, 0x0000000719a00000, 0x0000000719a00000|100%|HC|  |TAMS 0x0000000719800000| PB 0x0000000719800000| Complete |  0
| 159|0x0000000719a00000, 0x0000000719a00000, 0x0000000719c00000|  0%| F|  |TAMS 0x0000000719a00000| PB 0x0000000719a00000| Untracked |  0
| 160|0x0000000719c00000, 0x0000000719c00000, 0x0000000719e00000|  0%| F|  |TAMS 0x0000000719c00000| PB 0x0000000719c00000| Untracked |  0
| 220|0x0000000721400000, 0x0000000721600000, 0x0000000721600000|100%|HS|  |TAMS 0x0000000721400000| PB 0x0000000721400000| Complete |  0
| 221|0x0000000721600000, 0x0000000721800000, 0x0000000721800000|100%|HC|  |TAMS 0x0000000721600000| PB 0x0000000721600000| Complete |  0
| 222|0x0000000721800000, 0x0000000721a00000, 0x0000000721a00000|100%|HC|  |TAMS 0x0000000721800000| PB 0x0000000721800000| Complete |  0
| 223|0x0000000721a00000, 0x0000000721c00000, 0x0000000721c00000|100%|HC|  |TAMS 0x0000000721a00000| PB 0x0000000721a00000| Complete |  0
| 224|0x0000000721c00000, 0x0000000721e00000, 0x0000000721e00000|100%|HC|  |TAMS 0x0000000721c00000| PB 0x0000000721c00000| Complete |  0
| 225|0x0000000721e00000, 0x0000000721e00000, 0x0000000722000000|  0%| F|  |TAMS 0x0000000721e00000| PB 0x0000000721e00000| Untracked |  0
| 232|0x0000000722c00000, 0x0000000722e00000, 0x0000000722e00000|100%|HS|  |TAMS 0x0000000722c00000| PB 0x0000000722c00000| Complete |  0
| 233|0x0000000722e00000, 0x0000000723000000, 0x0000000723000000|100%|HC|  |TAMS 0x0000000722e00000| PB 0x0000000722e00000| Complete |  0
| 234|0x0000000723000000, 0x0000000723200000, 0x0000000723200000|100%|HC|  |TAMS 0x0000000723000000| PB 0x0000000723000000| Complete |  0
| 235|0x0000000723200000, 0x0000000723400000, 0x0000000723400000|100%|HS|  |TAMS 0x0000000723200000| PB 0x0000000723200000| Complete |  0
| 236|0x0000000723400000, 0x0000000723600000, 0x0000000723600000|100%|HC|  |TAMS 0x0000000723400000| PB 0x0000000723400000| Complete |  0
| 237|0x0000000723600000, 0x0000000723800000, 0x0000000723800000|100%|HC|  |TAMS 0x0000000723600000| PB 0x0000000723600000| Complete |  0
| 328|0x000000072ec00000, 0x000000072ee00000, 0x000000072ee00000|100%|HS|  |TAMS 0x000000072ec00000| PB 0x000000072ec00000| Complete |  0
| 329|0x000000072ee00000, 0x000000072f000000, 0x000000072f000000|100%|HC|  |TAMS 0x000000072ee00000| PB 0x000000072ee00000| Complete |  0
| 330|0x000000072f000000, 0x000000072f200000, 0x000000072f200000|100%|HC|  |TAMS 0x000000072f000000| PB 0x000000072f000000| Complete |  0
| 331|0x000000072f200000, 0x000000072f340030, 0x000000072f400000| 62%| E|  |TAMS 0x000000072f200000| PB 0x000000072f200000| Complete |  0
| 332|0x000000072f400000, 0x000000072f5fa270, 0x000000072f600000| 98%| E|  |TAMS 0x000000072f400000| PB 0x000000072f400000| Complete |  0
| 333|0x000000072f600000, 0x000000072f800000, 0x000000072f800000|100%| E|CS|TAMS 0x000000072f600000| PB 0x000000072f600000| Complete |  0
|1992|0x00000007fec00000, 0x00000007fecb7800, 0x00000007fee00000| 35%| O|  |TAMS 0x00000007fec00000| PB 0x00000007fec00000| Untracked |  0
|1993|0x00000007fee00000, 0x00000007ff000000, 0x00000007ff000000|100%| O|  |TAMS 0x00000007fee00000| PB 0x00000007fee00000| Untracked |  0
|1994|0x00000007ff000000, 0x00000007ff200000, 0x00000007ff200000|100%| O|  |TAMS 0x00000007ff000000| PB 0x00000007ff000000| Untracked |  0
|1995|0x00000007ff200000, 0x00000007ff400000, 0x00000007ff400000|100%| O|  |TAMS 0x00000007ff200000| PB 0x00000007ff200000| Untracked |  0
|1996|0x00000007ff400000, 0x00000007ff600000, 0x00000007ff600000|100%| E|CS|TAMS 0x00000007ff400000| PB 0x00000007ff400000| Complete |  0
|1997|0x00000007ff600000, 0x00000007ff800000, 0x00000007ff800000|100%| O|  |TAMS 0x00000007ff600000| PB 0x00000007ff600000| Untracked |  0
|1998|0x00000007ff800000, 0x00000007ffa00000, 0x00000007ffa00000|100%| E|CS|TAMS 0x00000007ff800000| PB 0x00000007ff800000| Complete |  0
|1999|0x00000007ffa00000, 0x00000007ffc00000, 0x00000007ffc00000|100%| O|  |TAMS 0x00000007ffa00000| PB 0x00000007ffa00000| Untracked |  0
|2000|0x00000007ffc00000, 0x00000007ffe00000, 0x00000007ffe00000|100%| E|CS|TAMS 0x00000007ffc00000| PB 0x00000007ffc00000| Complete |  0
|2001|0x00000007ffe00000, 0x0000000800000000, 0x0000000800000000|100%| O|  |TAMS 0x00000007ffe00000| PB 0x00000007ffe00000| Untracked |  0

Card table byte_map: [0x000002a11cf30000,0x000002a11d710000] _byte_map_base: 0x000002a119702000

Marking Bits: (CMBitMap*) 0x000002a110e1c140
 Bits: [0x000002a11d710000, 0x000002a1215a0000)

Polling page: 0x000002a10ed40000

Metaspace:

Usage:
  Non-class:     75.68 MB used.
      Class:     13.09 MB used.
       Both:     88.76 MB used.

Virtual space:
  Non-class space:      128.00 MB reserved,      76.44 MB ( 60%) committed,  2 nodes.
      Class space:        1.00 GB reserved,      13.62 MB (  1%) committed,  1 nodes.
             Both:        1.12 GB reserved,      90.06 MB (  8%) committed. 

Chunk freelists:
   Non-Class:  3.83 MB
       Class:  2.51 MB
        Both:  6.34 MB

MaxMetaspaceSize: unlimited
CompressedClassSpaceSize: 1.00 GB
Initial GC threshold: 21.00 MB
Current GC threshold: 150.00 MB
CDS: on
 - commit_granule_bytes: 65536.
 - commit_granule_words: 8192.
 - virtual_space_node_default_size: 8388608.
 - enlarge_chunks_in_place: 1.
 - use_allocation_guard: 0.


Internal statistics:

num_allocs_failed_limit: 6.
num_arena_births: 1708.
num_arena_deaths: 420.
num_vsnodes_births: 3.
num_vsnodes_deaths: 0.
num_space_committed: 1441.
num_space_uncommitted: 0.
num_chunks_returned_to_freelist: 464.
num_chunks_taken_from_freelist: 4852.
num_chunk_merges: 117.
num_chunk_splits: 3442.
num_chunks_enlarged: 2612.
num_inconsistent_stats: 0.

CodeCache: size=49152Kb used=17119Kb max_used=22200Kb free=32033Kb
 bounds [0x000002a1190e0000, 0x000002a11a780000, 0x000002a11c0e0000]
 total_blobs=9629 nmethods=8731 adapters=821
 compilation: enabled
              stopped_count=0, restarted_count=0
 full_count=0

Compilation events (20 events):
Event: 629.444 Thread 0x000002a12476a260 15839       1       org.hibernate.internal.util.collections.CollectionHelper::determineProperSizing (10 bytes)
Event: 629.444 Thread 0x000002a12476a260 nmethod 15839 0x000002a1196dca10 code [0x000002a1196dcbe0, 0x000002a1196dcce8]
Event: 629.456 Thread 0x000002a12476a260 15840       1       org.springframework.core.annotation.AnnotatedMethod::hasMethodAnnotation (9 bytes)
Event: 629.457 Thread 0x000002a12476a260 nmethod 15840 0x000002a119706190 code [0x000002a119706320, 0x000002a119706408]
Event: 629.463 Thread 0x000002a12476a260 15841       1       org.springframework.data.repository.query.ParametersParameterAccessor::hasBindableNullValue (49 bytes)
Event: 629.464 Thread 0x000002a12476a260 nmethod 15841 0x000002a119780510 code [0x000002a119780720, 0x000002a119780a90]
Event: 629.479 Thread 0x000002a12476a260 15842       1       org.springframework.core.annotation.AnnotatedMethod$AnnotatedMethodParameter::hasMethodAnnotation (9 bytes)
Event: 629.480 Thread 0x000002a12476a260 nmethod 15842 0x000002a1196e6010 code [0x000002a1196e61a0, 0x000002a1196e6298]
Event: 629.588 Thread 0x000002a12476a260 15843       1       org.hibernate.sql.results.graph.entity.internal.EntitySelectFetchInitializer::finishUpRow (13 bytes)
Event: 629.588 Thread 0x000002a12476a260 nmethod 15843 0x000002a1196f7f10 code [0x000002a1196f80a0, 0x000002a1196f81f8]
Event: 629.588 Thread 0x000002a12476a260 15844       1       org.hibernate.sql.results.graph.entity.internal.EntitySelectFetchInitializer::resolveKey (1 bytes)
Event: 629.588 Thread 0x000002a12476a260 nmethod 15844 0x000002a11970bd90 code [0x000002a11970bf20, 0x000002a11970bfe8]
Event: 629.626 Thread 0x000002a12476a260 15845       1       org.hibernate.query.sqm.internal.ConcreteSqmSelectQueryPlan$MySqmJdbcExecutionContextAdapter::registerLoadingEntityHolder (11 bytes)
Event: 629.627 Thread 0x000002a12476a260 nmethod 15845 0x000002a11972ac90 code [0x000002a11972ae20, 0x000002a11972af18]
Event: 629.733 Thread 0x000002a12476a260 15846       1       java.lang.invoke.LambdaForm$MH/0x000002a126d92000::invoke (63 bytes)
Event: 629.734 Thread 0x000002a12476a260 nmethod 15846 0x000002a119eb4410 code [0x000002a119eb45e0, 0x000002a119eb4800]
Event: 630.457 Thread 0x000002a12476a260 15847       1       com.mysql.cj.protocol.InternalDate::getYear (5 bytes)
Event: 630.458 Thread 0x000002a12476a260 nmethod 15847 0x000002a11973fe90 code [0x000002a119740020, 0x000002a1197400e8]
Event: 631.352 Thread 0x000002a12476a260 15848       1       java.io.ByteArrayInputStream::<init> (26 bytes)
Event: 631.352 Thread 0x000002a12476a260 nmethod 15848 0x000002a1196ffe10 code [0x000002a1196fffa0, 0x000002a1197000d8]

GC Heap History (20 events):
Event: 148.255 GC heap before
{Heap before GC invocations=37 (full 0):
 garbage-first heap   total reserved 4100096K, committed 557056K, used 218267K [0x0000000705c00000, 0x0000000800000000)
  region size 2048K, 8 young (16384K), 3 survivors (6144K)
 Metaspace       used 90930K, committed 91968K, reserved 1179648K
  class space    used 13429K, committed 13888K, reserved 1048576K
}
Event: 148.258 GC heap after
{Heap after GC invocations=38 (full 0):
 garbage-first heap   total reserved 4100096K, committed 557056K, used 187609K [0x0000000705c00000, 0x0000000800000000)
  region size 2048K, 3 young (6144K), 3 survivors (6144K)
 Metaspace       used 90930K, committed 91968K, reserved 1179648K
  class space    used 13429K, committed 13888K, reserved 1048576K
}
Event: 493.827 GC heap before
{Heap before GC invocations=39 (full 0):
 garbage-first heap   total reserved 4100096K, committed 733184K, used 730329K [0x0000000705c00000, 0x0000000800000000)
  region size 2048K, 72 young (147456K), 3 survivors (6144K)
 Metaspace       used 91023K, committed 92160K, reserved 1179648K
  class space    used 13454K, committed 13952K, reserved 1048576K
}
Event: 493.831 GC heap after
{Heap after GC invocations=40 (full 0):
 garbage-first heap   total reserved 4100096K, committed 739328K, used 187517K [0x0000000705c00000, 0x0000000800000000)
  region size 2048K, 3 young (6144K), 3 survivors (6144K)
 Metaspace       used 91023K, committed 92160K, reserved 1179648K
  class space    used 13454K, committed 13952K, reserved 1048576K
}
Event: 496.511 GC heap before
{Heap before GC invocations=40 (full 0):
 garbage-first heap   total reserved 4100096K, committed 739328K, used 259197K [0x0000000705c00000, 0x0000000800000000)
  region size 2048K, 13 young (26624K), 3 survivors (6144K)
 Metaspace       used 91024K, committed 92160K, reserved 1179648K
  class space    used 13455K, committed 13952K, reserved 1048576K
}
Event: 496.514 GC heap after
{Heap after GC invocations=41 (full 0):
 garbage-first heap   total reserved 4100096K, committed 739328K, used 64109K [0x0000000705c00000, 0x0000000800000000)
  region size 2048K, 3 young (6144K), 3 survivors (6144K)
 Metaspace       used 91024K, committed 92160K, reserved 1179648K
  class space    used 13455K, committed 13952K, reserved 1048576K
}
Event: 498.147 GC heap before
{Heap before GC invocations=42 (full 0):
 garbage-first heap   total reserved 4100096K, committed 430080K, used 426605K [0x0000000705c00000, 0x0000000800000000)
  region size 2048K, 10 young (20480K), 3 survivors (6144K)
 Metaspace       used 91024K, committed 92160K, reserved 1179648K
  class space    used 13455K, committed 13952K, reserved 1048576K
}
Event: 498.151 GC heap after
{Heap after GC invocations=43 (full 0):
 garbage-first heap   total reserved 4100096K, committed 436224K, used 186591K [0x0000000705c00000, 0x0000000800000000)
  region size 2048K, 3 young (6144K), 3 survivors (6144K)
 Metaspace       used 91024K, committed 92160K, reserved 1179648K
  class space    used 13455K, committed 13952K, reserved 1048576K
}
Event: 499.837 GC heap before
{Heap before GC invocations=43 (full 0):
 garbage-first heap   total reserved 4100096K, committed 610304K, used 606431K [0x0000000705c00000, 0x0000000800000000)
  region size 2048K, 12 young (24576K), 3 survivors (6144K)
 Metaspace       used 91028K, committed 92160K, reserved 1179648K
  class space    used 13456K, committed 13952K, reserved 1048576K
}
Event: 499.843 GC heap after
{Heap after GC invocations=44 (full 0):
 garbage-first heap   total reserved 4100096K, committed 620544K, used 186273K [0x0000000705c00000, 0x0000000800000000)
  region size 2048K, 3 young (6144K), 3 survivors (6144K)
 Metaspace       used 91028K, committed 92160K, reserved 1179648K
  class space    used 13456K, committed 13952K, reserved 1048576K
}
Event: 499.843 GC heap before
{Heap before GC invocations=44 (full 0):
 garbage-first heap   total reserved 4100096K, committed 620544K, used 186273K [0x0000000705c00000, 0x0000000800000000)
  region size 2048K, 4 young (8192K), 3 survivors (6144K)
 Metaspace       used 91028K, committed 92160K, reserved 1179648K
  class space    used 13456K, committed 13952K, reserved 1048576K
}
Event: 499.846 GC heap after
{Heap after GC invocations=45 (full 0):
 garbage-first heap   total reserved 4100096K, committed 620544K, used 186512K [0x0000000705c00000, 0x0000000800000000)
  region size 2048K, 3 young (6144K), 3 survivors (6144K)
 Metaspace       used 91028K, committed 92160K, reserved 1179648K
  class space    used 13456K, committed 13952K, reserved 1048576K
}
Event: 538.134 GC heap before
{Heap before GC invocations=46 (full 0):
 garbage-first heap   total reserved 4100096K, committed 665600K, used 661648K [0x0000000705c00000, 0x0000000800000000)
  region size 2048K, 16 young (32768K), 3 survivors (6144K)
 Metaspace       used 90652K, committed 92160K, reserved 1179648K
  class space    used 13351K, committed 13952K, reserved 1048576K
}
Event: 538.138 GC heap after
{Heap after GC invocations=47 (full 0):
 garbage-first heap   total reserved 4100096K, committed 671744K, used 57291K [0x0000000705c00000, 0x0000000800000000)
  region size 2048K, 3 young (6144K), 3 survivors (6144K)
 Metaspace       used 90652K, committed 92160K, reserved 1179648K
  class space    used 13351K, committed 13952K, reserved 1048576K
}
Event: 608.787 GC heap before
{Heap before GC invocations=47 (full 0):
 garbage-first heap   total reserved 4100096K, committed 690176K, used 686027K [0x0000000705c00000, 0x0000000800000000)
  region size 2048K, 27 young (55296K), 3 survivors (6144K)
 Metaspace       used 90894K, committed 92224K, reserved 1179648K
  class space    used 13401K, committed 13952K, reserved 1048576K
}
Event: 608.793 GC heap after
{Heap after GC invocations=48 (full 0):
 garbage-first heap   total reserved 4100096K, committed 698368K, used 93265K [0x0000000705c00000, 0x0000000800000000)
  region size 2048K, 3 young (6144K), 3 survivors (6144K)
 Metaspace       used 90894K, committed 92224K, reserved 1179648K
  class space    used 13401K, committed 13952K, reserved 1048576K
}
Event: 608.806 GC heap before
{Heap before GC invocations=48 (full 0):
 garbage-first heap   total reserved 4100096K, committed 698368K, used 93265K [0x0000000705c00000, 0x0000000800000000)
  region size 2048K, 4 young (8192K), 3 survivors (6144K)
 Metaspace       used 90894K, committed 92224K, reserved 1179648K
  class space    used 13401K, committed 13952K, reserved 1048576K
}
Event: 608.810 GC heap after
{Heap after GC invocations=49 (full 0):
 garbage-first heap   total reserved 4100096K, committed 698368K, used 93368K [0x0000000705c00000, 0x0000000800000000)
  region size 2048K, 2 young (4096K), 2 survivors (4096K)
 Metaspace       used 90894K, committed 92224K, reserved 1179648K
  class space    used 13401K, committed 13952K, reserved 1048576K
}
Event: 630.114 GC heap before
{Heap before GC invocations=50 (full 0):
 garbage-first heap   total reserved 4100096K, committed 362496K, used 357560K [0x0000000705c00000, 0x0000000800000000)
  region size 2048K, 10 young (20480K), 2 survivors (4096K)
 Metaspace       used 90894K, committed 92224K, reserved 1179648K
  class space    used 13401K, committed 13952K, reserved 1048576K
}
Event: 630.118 GC heap after
{Heap after GC invocations=51 (full 0):
 garbage-first heap   total reserved 4100096K, committed 366592K, used 81183K [0x0000000705c00000, 0x0000000800000000)
  region size 2048K, 1 young (2048K), 1 survivors (2048K)
 Metaspace       used 90894K, committed 92224K, reserved 1179648K
  class space    used 13401K, committed 13952K, reserved 1048576K
}

Dll operation events (15 events):
Event: 0.008 Loaded shared library C:\Program Files\Java\jdk-22\bin\java.dll
Event: 0.099 Loaded shared library C:\Program Files\Java\jdk-22\bin\zip.dll
Event: 0.102 Loaded shared library C:\Program Files\Java\jdk-22\bin\instrument.dll
Event: 0.105 Loaded shared library C:\Program Files\Java\jdk-22\bin\net.dll
Event: 0.107 Loaded shared library C:\Program Files\Java\jdk-22\bin\nio.dll
Event: 0.109 Loaded shared library C:\Program Files\Java\jdk-22\bin\zip.dll
Event: 0.219 Loaded shared library C:\Program Files\JetBrains\IntelliJ IDEA 2024.1.3\bin\breakgen64.dll
Event: 0.223 Loaded shared library C:\Program Files\Java\jdk-22\bin\jimage.dll
Event: 0.227 Loaded shared library C:\Program Files\Java\jdk-22\bin\extnet.dll
Event: 0.237 Loaded shared library C:\Program Files\Java\jdk-22\bin\management.dll
Event: 0.244 Loaded shared library C:\Program Files\Java\jdk-22\bin\management_ext.dll
Event: 0.411 Loaded shared library C:\Program Files\Java\jdk-22\bin\verify.dll
Event: 1.160 Loaded shared library C:\Program Files\Java\jdk-22\bin\sunmscapi.dll
Event: 70.001 Loaded shared library C:\Program Files\Java\jdk-22\bin\awt.dll
Event: 70.032 Loaded shared library C:\Program Files\Java\jdk-22\bin\javajpeg.dll

Deoptimization events (6 events):
Event: 1.951 Thread 0x000002a1243093c0 DEOPT PACKING pc=0x000002a119b9d7ec sp=0x000000d7174fdd00
Event: 1.951 Thread 0x000002a1243093c0 DEOPT UNPACKING pc=0x000002a119134e42 sp=0x000000d7174fd1b8 mode 0
Event: 4.739 Thread 0x000002a1243093c0 DEOPT PACKING pc=0x000002a1199d31e9 sp=0x000000d7174fc200
Event: 4.739 Thread 0x000002a1243093c0 DEOPT UNPACKING pc=0x000002a119134e42 sp=0x000000d7174fb708 mode 3
Event: 4.818 Thread 0x000002a1243093c0 DEOPT PACKING pc=0x000002a1199bb5bc sp=0x000000d7174fc670
Event: 4.818 Thread 0x000002a1243093c0 DEOPT UNPACKING pc=0x000002a119134e42 sp=0x000000d7174fbbc8 mode 0

Classes loaded (20 events):
Event: 600.085 Loading class jdk/internal/reflect/AccessorUtils
Event: 600.086 Loading class jdk/internal/reflect/AccessorUtils done
Event: 600.135 Loading class java/util/stream/ReferencePipeline$4
Event: 600.135 Loading class java/util/stream/ReferencePipeline$4 done
Event: 600.135 Loading class java/util/function/IntBinaryOperator
Event: 600.135 Loading class java/util/function/IntBinaryOperator done
Event: 600.136 Loading class java/util/stream/ReduceOps$7
Event: 600.136 Loading class java/util/stream/ReduceOps$7 done
Event: 600.136 Loading class java/util/stream/ReduceOps$6ReducingSink
Event: 600.136 Loading class java/util/stream/ReduceOps$6ReducingSink done
Event: 600.136 Loading class java/util/stream/ReferencePipeline$4$1
Event: 600.137 Loading class java/util/stream/ReferencePipeline$4$1 done
Event: 600.145 Loading class java/io/PrintWriter$1
Event: 600.145 Loading class jdk/internal/access/JavaIOPrintWriterAccess
Event: 600.145 Loading class jdk/internal/access/JavaIOPrintWriterAccess done
Event: 600.145 Loading class java/io/PrintWriter$1 done
Event: 600.146 Loading class java/lang/Throwable$WrappedPrintWriter
Event: 600.147 Loading class java/lang/Throwable$WrappedPrintWriter done
Event: 605.258 Loading class java/util/function/LongSupplier
Event: 605.259 Loading class java/util/function/LongSupplier done

Classes unloaded (20 events):
Event: 499.864 Thread 0x000002a1242dc440 Unloading class 0x000002a12600bc00 'java/lang/invoke/LambdaForm$MH+0x000002a12600bc00'
Event: 499.864 Thread 0x000002a1242dc440 Unloading class 0x000002a12600b800 'java/lang/invoke/LambdaForm$DMH+0x000002a12600b800'
Event: 499.864 Thread 0x000002a1242dc440 Unloading class 0x000002a12600b400 'java/lang/invoke/LambdaForm$DMH+0x000002a12600b400'
Event: 499.864 Thread 0x000002a1242dc440 Unloading class 0x000002a12600a800 'java/lang/invoke/LambdaForm$MH+0x000002a12600a800'
Event: 499.864 Thread 0x000002a1242dc440 Unloading class 0x000002a126009c00 'java/lang/invoke/LambdaForm$MH+0x000002a126009c00'
Event: 499.864 Thread 0x000002a1242dc440 Unloading class 0x000002a126009800 'java/lang/invoke/LambdaForm$MH+0x000002a126009800'
Event: 499.864 Thread 0x000002a1242dc440 Unloading class 0x000002a126009400 'java/lang/invoke/LambdaForm$MH+0x000002a126009400'
Event: 499.864 Thread 0x000002a1242dc440 Unloading class 0x000002a126008c00 'java/lang/invoke/LambdaForm$MH+0x000002a126008c00'
Event: 499.864 Thread 0x000002a1242dc440 Unloading class 0x000002a126008000 'java/lang/invoke/LambdaForm$MH+0x000002a126008000'
Event: 499.864 Thread 0x000002a1242dc440 Unloading class 0x000002a126006c00 'java/lang/invoke/LambdaForm$MH+0x000002a126006c00'
Event: 499.864 Thread 0x000002a1242dc440 Unloading class 0x000002a126006800 'java/lang/invoke/LambdaForm$MH+0x000002a126006800'
Event: 499.864 Thread 0x000002a1242dc440 Unloading class 0x000002a126006000 'java/lang/invoke/LambdaForm$MH+0x000002a126006000'
Event: 499.864 Thread 0x000002a1242dc440 Unloading class 0x000002a126005800 'java/lang/invoke/LambdaForm$MH+0x000002a126005800'
Event: 499.864 Thread 0x000002a1242dc440 Unloading class 0x000002a126005000 'java/lang/invoke/LambdaForm$MH+0x000002a126005000'
Event: 499.864 Thread 0x000002a1242dc440 Unloading class 0x000002a126004800 'java/lang/invoke/LambdaForm$MH+0x000002a126004800'
Event: 499.864 Thread 0x000002a1242dc440 Unloading class 0x000002a126004000 'java/lang/invoke/LambdaForm$MH+0x000002a126004000'
Event: 499.864 Thread 0x000002a1242dc440 Unloading class 0x000002a126002400 'java/lang/invoke/LambdaForm$MH+0x000002a126002400'
Event: 499.864 Thread 0x000002a1242dc440 Unloading class 0x000002a126002000 'java/lang/invoke/LambdaForm$MH+0x000002a126002000'
Event: 499.864 Thread 0x000002a1242dc440 Unloading class 0x000002a126001c00 'java/lang/invoke/LambdaForm$MH+0x000002a126001c00'
Event: 499.864 Thread 0x000002a1242dc440 Unloading class 0x000002a126001400 'java/lang/invoke/LambdaForm$MH+0x000002a126001400'

Classes redefined (0 events):
No events

Internal exceptions (20 events):
Event: 60.606 Thread 0x000002a16dbc3460 Exception <a 'java/lang/NoSuchMethodError'{0x000000070e06b8c0}: 'double java.lang.invoke.DelegatingMethodHandle$Holder.reinvoke_L(java.lang.Object, java.lang.Object)'> (0x000000070e06b8c0) 
thrown [s\open\src\hotspot\share\interpreter\linkResolver.cpp, line 774]
Event: 60.732 Thread 0x000002a124307980 Exception <a 'java/lang/NoSuchMethodError'{0x000000070dc772d8}: 'void java.lang.invoke.DelegatingMethodHandle$Holder.reinvoke_L(java.lang.Object, java.lang.Object, double)'> (0x000000070dc772d8) 
thrown [s\open\src\hotspot\share\interpreter\linkResolver.cpp, line 774]
Event: 60.732 Thread 0x000002a16b2322d0 Exception <a 'java/lang/NoSuchMethodError'{0x000000070dc689e0}: 'void java.lang.invoke.DelegatingMethodHandle$Holder.reinvoke_L(java.lang.Object, java.lang.Object, double)'> (0x000000070dc689e0) 
thrown [s\open\src\hotspot\share\interpreter\linkResolver.cpp, line 774]
Event: 69.988 Thread 0x000002a16b235de0 Exception <a 'java/lang/ClassNotFoundException'{0x00000007193d49f8}: sun/awt/resources/spi/awtProvider> (0x00000007193d49f8) 
thrown [s\open\src\hotspot\share\classfile\systemDictionary.cpp, line 313]
Event: 70.002 Thread 0x000002a16b235de0 Exception <a 'java/io/FileNotFoundException'{0x00000007193de018}> (0x00000007193de018) 
thrown [s\open\src\hotspot\share\prims\jni.cpp, line 520]
Event: 70.002 Thread 0x000002a16b235de0 Exception <a 'java/io/FileNotFoundException'{0x00000007193dfc68}> (0x00000007193dfc68) 
thrown [s\open\src\hotspot\share\prims\jni.cpp, line 520]
Event: 80.289 Thread 0x000002a16b2322d0 Exception <a 'java/lang/NoSuchMethodError'{0x000000071767ee68}: 'java.lang.Object java.lang.invoke.DelegatingMethodHandle$Holder.reinvoke_L(java.lang.Object, java.lang.Object, java.lang.Object, java.lang.Object, java.lang.Object, java.lang.Object, java.lang.Object, java.lang.Object, java.lang.Object, java.lang.Object, java.lang.Object, java.lang.Object, java.lang.Object, java.lang.Object, java.lang.Object, java.lang.Object, java.lang.Object, java.lang.Object, java.lang.Object)'> (0x000000071767ee68) 
throw
Event: 80.313 Thread 0x000002a16b2322d0 Exception <a 'java/lang/NoSuchMethodError'{0x0000000717438450}: 'void java.lang.invoke.DirectMethodHandle$Holder.invokeVirtual(java.lang.Object, java.lang.Object, double)'> (0x0000000717438450) 
thrown [s\open\src\hotspot\share\interpreter\linkResolver.cpp, line 774]
Event: 80.314 Thread 0x000002a16b2322d0 Exception <a 'java/lang/NoSuchMethodError'{0x0000000717442d30}: 'double java.lang.invoke.DelegatingMethodHandle$Holder.reinvoke_L(java.lang.Object, java.lang.Object, int)'> (0x0000000717442d30) 
thrown [s\open\src\hotspot\share\interpreter\linkResolver.cpp, line 774]
Event: 80.330 Thread 0x000002a16b2322d0 Exception <a 'java/lang/NoSuchMethodError'{0x00000007174b5cc8}: 'double java.lang.invoke.Invokers$Holder.invokeExact_MT(java.lang.Object, java.lang.Object, java.lang.Object)'> (0x00000007174b5cc8) 
thrown [s\open\src\hotspot\share\interpreter\linkResolver.cpp, line 774]
Event: 80.331 Thread 0x000002a16b2322d0 Exception <a 'java/lang/NoSuchMethodError'{0x00000007174b9b98}: 'int java.lang.invoke.Invokers$Holder.invokeExact_MT(java.lang.Object, java.lang.Object, java.lang.Object)'> (0x00000007174b9b98) 
thrown [s\open\src\hotspot\share\interpreter\linkResolver.cpp, line 774]
Event: 80.350 Thread 0x000002a16b2322d0 Exception <a 'java/lang/NoSuchMethodError'{0x000000071721f180}: 'int java.lang.invoke.DirectMethodHandle$Holder.invokeStatic(java.lang.Object, java.lang.Object, int, int)'> (0x000000071721f180) 
thrown [s\open\src\hotspot\share\interpreter\linkResolver.cpp, line 774]
Event: 80.374 Thread 0x000002a16b2322d0 Exception <a 'java/lang/NoSuchMethodError'{0x000000071728cb80}: 'int java.lang.invoke.DirectMethodHandle$Holder.invokeStatic(java.lang.Object, java.lang.Object, int, java.lang.Object)'> (0x000000071728cb80) 
thrown [s\open\src\hotspot\share\interpreter\linkResolver.cpp, line 774]
Event: 80.386 Thread 0x000002a16b2322d0 Exception <a 'java/lang/IncompatibleClassChangeError'{0x00000007172e1ad8}: Found class java.lang.Object, but interface was expected> (0x00000007172e1ad8) 
thrown [s\open\src\hotspot\share\interpreter\linkResolver.cpp, line 841]
Event: 498.164 Thread 0x000002a16b2315b0 Exception <a 'java/io/IOException'{0x00000007ff8fbf88}> (0x00000007ff8fbf88) 
thrown [s\open\src\hotspot\share\prims\jni.cpp, line 520]
Event: 605.275 Thread 0x000002a16dbc3460 Exception <a 'java/lang/NoSuchMethodError'{0x000000072b79c1f0}: 'long java.lang.invoke.DelegatingMethodHandle$Holder.reinvoke_L(java.lang.Object, java.lang.Object)'> (0x000000072b79c1f0) 
thrown [s\open\src\hotspot\share\interpreter\linkResolver.cpp, line 774]
Event: 605.281 Thread 0x000002a16dbc3460 Exception <a 'java/lang/IncompatibleClassChangeError'{0x000000072b7bf618}: Found class java.lang.Object, but interface was expected> (0x000000072b7bf618) 
thrown [s\open\src\hotspot\share\interpreter\linkResolver.cpp, line 841]
Event: 605.283 Thread 0x000002a16dbc3460 Exception <a 'java/lang/IncompatibleClassChangeError'{0x000000072b7c9988}: Found class java.lang.Object, but interface was expected> (0x000000072b7c9988) 
thrown [s\open\src\hotspot\share\interpreter\linkResolver.cpp, line 841]
Event: 605.283 Thread 0x000002a16dbc3460 Exception <a 'java/lang/IncompatibleClassChangeError'{0x000000072b7ca728}: Found class java.lang.Object, but interface was expected> (0x000000072b7ca728) 
thrown [s\open\src\hotspot\share\interpreter\linkResolver.cpp, line 841]
Event: 605.283 Thread 0x000002a16dbc3460 Exception <a 'java/lang/IncompatibleClassChangeError'{0x000000072b7cb578}: Found class java.lang.Object, but interface was expected> (0x000000072b7cb578) 
thrown [s\open\src\hotspot\share\interpreter\linkResolver.cpp, line 841]

ZGC Phase Switch (0 events):
No events

VM Operations (20 events):
Event: 605.279 Executing VM operation: HandshakeAllThreads (Deoptimize)
Event: 605.279 Executing VM operation: HandshakeAllThreads (Deoptimize) done
Event: 606.289 Executing VM operation: Cleanup
Event: 606.289 Executing VM operation: Cleanup done
Event: 607.293 Executing VM operation: Cleanup
Event: 607.293 Executing VM operation: Cleanup done
Event: 608.296 Executing VM operation: Cleanup
Event: 608.296 Executing VM operation: Cleanup done
Event: 608.787 Executing VM operation: G1CollectForAllocation (G1 Evacuation Pause)
Event: 608.793 Executing VM operation: G1CollectForAllocation (G1 Evacuation Pause) done
Event: 608.806 Executing VM operation: G1TryInitiateConcMark (G1 Humongous Allocation)
Event: 608.810 Executing VM operation: G1TryInitiateConcMark (G1 Humongous Allocation) done
Event: 608.828 Executing VM operation: G1PauseRemark
Event: 608.832 Executing VM operation: G1PauseRemark done
Event: 608.846 Executing VM operation: G1PauseCleanup
Event: 608.847 Executing VM operation: G1PauseCleanup done
Event: 630.024 Executing VM operation: Cleanup
Event: 630.024 Executing VM operation: Cleanup done
Event: 630.114 Executing VM operation: G1CollectForAllocation (G1 Evacuation Pause)
Event: 630.118 Executing VM operation: G1CollectForAllocation (G1 Evacuation Pause) done

Events (20 events):
Event: 499.881 Thread 0x000002a1242dc440 flushing nmethod 0x000002a11a45ab10
Event: 499.881 Thread 0x000002a1242dc440 flushing nmethod 0x000002a11a45cc10
Event: 501.000 Thread 0x000002a16a62cf00 Thread added: 0x000002a16a62cf00
Event: 501.000 Thread 0x000002a16b675780 Thread added: 0x000002a16b675780
Event: 507.467 Thread 0x000002a16b675780 Thread exited: 0x000002a16b675780
Event: 507.467 Thread 0x000002a16a62cf00 Thread exited: 0x000002a16a62cf00
Event: 512.469 Thread 0x000002a16e3d46a0 Thread exited: 0x000002a16e3d46a0
Event: 600.025 Thread 0x000002a16a62cf00 Thread added: 0x000002a16a62cf00
Event: 600.027 Thread 0x000002a16b675780 Thread added: 0x000002a16b675780
Event: 600.027 Thread 0x000002a16ac066a0 Thread added: 0x000002a16ac066a0
Event: 601.428 Thread 0x000002a16ac066a0 Thread exited: 0x000002a16ac066a0
Event: 606.464 Thread 0x000002a16b675780 Thread exited: 0x000002a16b675780
Event: 607.701 Thread 0x000002a16a62cf00 Thread exited: 0x000002a16a62cf00
Event: 607.744 Thread 0x000002a16a62cf00 Thread added: 0x000002a16a62cf00
Event: 607.744 Thread 0x000002a16b675780 Thread added: 0x000002a16b675780
Event: 607.744 Thread 0x000002a16ac066a0 Thread added: 0x000002a16ac066a0
Event: 608.344 Thread 0x000002a16ac066a0 Thread exited: 0x000002a16ac066a0
Event: 608.831 Thread 0x000002a1242dc440 flushing nmethod 0x000002a11a371190
Event: 609.122 Thread 0x000002a16b675780 Thread exited: 0x000002a16b675780
Event: 614.125 Thread 0x000002a16a62cf00 Thread exited: 0x000002a16a62cf00


Dynamic libraries:
0x00007ff63fbe0000 - 0x00007ff63fbf0000 	C:\Program Files\Java\jdk-22\bin\java.exe
0x00007ffda35f0000 - 0x00007ffda3807000 	C:\Windows\SYSTEM32\ntdll.dll
0x00007ffda1d10000 - 0x00007ffda1dd4000 	C:\Windows\System32\KERNEL32.DLL
0x00007ffda0f30000 - 0x00007ffda12ea000 	C:\Windows\System32\KERNELBASE.dll
0x00007ffda0a00000 - 0x00007ffda0b11000 	C:\Windows\System32\ucrtbase.dll
0x00007ffd8c7f0000 - 0x00007ffd8c807000 	C:\Program Files\Java\jdk-22\bin\jli.dll
0x00007ffd8be30000 - 0x00007ffd8be4b000 	C:\Program Files\Java\jdk-22\bin\VCRUNTIME140.dll
0x00007ffda1eb0000 - 0x00007ffda1f62000 	C:\Windows\System32\ADVAPI32.dll
0x00007ffda2aa0000 - 0x00007ffda2b47000 	C:\Windows\System32\msvcrt.dll
0x00007ffda3500000 - 0x00007ffda35a7000 	C:\Windows\System32\sechost.dll
0x00007ffda0de0000 - 0x00007ffda0e08000 	C:\Windows\System32\bcrypt.dll
0x00007ffda1780000 - 0x00007ffda1894000 	C:\Windows\System32\RPCRT4.dll
0x00007ffda12f0000 - 0x00007ffda149e000 	C:\Windows\System32\USER32.dll
0x00007ffda0b20000 - 0x00007ffda0b46000 	C:\Windows\System32\win32u.dll
0x00007ffda14c0000 - 0x00007ffda14e9000 	C:\Windows\System32\GDI32.dll
0x00007ffd96bc0000 - 0x00007ffd96e52000 	C:\Windows\WinSxS\amd64_microsoft.windows.common-controls_6595b64144ccf1df_6.0.22621.4541_none_2710d1c57384c085\COMCTL32.dll
0x00007ffda0e10000 - 0x00007ffda0f2b000 	C:\Windows\System32\gdi32full.dll
0x00007ffda0bd0000 - 0x00007ffda0c6a000 	C:\Windows\System32\msvcp_win.dll
0x00007ffd963b0000 - 0x00007ffd963ba000 	C:\Windows\SYSTEM32\VERSION.dll
0x00007ffda34c0000 - 0x00007ffda34f1000 	C:\Windows\System32\IMM32.DLL
0x00007ffd9c760000 - 0x00007ffd9c76c000 	C:\Program Files\Java\jdk-22\bin\vcruntime140_1.dll
0x00007ffd7ec50000 - 0x00007ffd7ecde000 	C:\Program Files\Java\jdk-22\bin\msvcp140.dll
0x00007ffd211d0000 - 0x00007ffd21f17000 	C:\Program Files\Java\jdk-22\bin\server\jvm.dll
0x00007ffda14f0000 - 0x00007ffda1561000 	C:\Windows\System32\WS2_32.dll
0x00007ffda05e0000 - 0x00007ffda062d000 	C:\Windows\SYSTEM32\POWRPROF.dll
0x00007ffd9acc0000 - 0x00007ffd9acf4000 	C:\Windows\SYSTEM32\WINMM.dll
0x00007ffda05c0000 - 0x00007ffda05d3000 	C:\Windows\SYSTEM32\UMPDC.dll
0x00007ffd9f8c0000 - 0x00007ffd9f8d8000 	C:\Windows\SYSTEM32\kernel.appcore.dll
0x00007ffd9c730000 - 0x00007ffd9c73a000 	C:\Program Files\Java\jdk-22\bin\jimage.dll
0x00007ffd9df00000 - 0x00007ffd9e132000 	C:\Windows\SYSTEM32\DBGHELP.DLL
0x00007ffda1980000 - 0x00007ffda1d0f000 	C:\Windows\System32\combase.dll
0x00007ffda18a0000 - 0x00007ffda1977000 	C:\Windows\System32\OLEAUT32.dll
0x00007ffd963c0000 - 0x00007ffd963f2000 	C:\Windows\SYSTEM32\dbgcore.DLL
0x00007ffda0b50000 - 0x00007ffda0bcb000 	C:\Windows\System32\bcryptPrimitives.dll
0x00007ffd8bb40000 - 0x00007ffd8bb4f000 	C:\Program Files\Java\jdk-22\bin\instrument.dll
0x00007ffd8bd60000 - 0x00007ffd8bd7e000 	C:\Program Files\Java\jdk-22\bin\java.dll
0x00007ffda2c30000 - 0x00007ffda34a8000 	C:\Windows\System32\SHELL32.dll
0x00007ffda21f0000 - 0x00007ffda2395000 	C:\Windows\System32\ole32.dll
0x00007ffd9e7b0000 - 0x00007ffd9f0b8000 	C:\Windows\SYSTEM32\windows.storage.dll
0x00007ffd9e670000 - 0x00007ffd9e7af000 	C:\Windows\SYSTEM32\wintypes.dll
0x00007ffda20f0000 - 0x00007ffda21ea000 	C:\Windows\System32\SHCORE.dll
0x00007ffda1670000 - 0x00007ffda16ce000 	C:\Windows\System32\shlwapi.dll
0x00007ffda07f0000 - 0x00007ffda081b000 	C:\Windows\SYSTEM32\profapi.dll
0x00007ffd8b7c0000 - 0x00007ffd8b7d7000 	C:\Program Files\Java\jdk-22\bin\zip.dll
0x00007ffd9b7b0000 - 0x00007ffd9b7c0000 	C:\Program Files\Java\jdk-22\bin\net.dll
0x00007ffd9fd40000 - 0x00007ffd9fda9000 	C:\Windows\system32\mswsock.dll
0x00007ffd8b7e0000 - 0x00007ffd8b7f6000 	C:\Program Files\Java\jdk-22\bin\nio.dll
0x00007ffd8b580000 - 0x00007ffd8b59a000 	C:\Program Files\JetBrains\IntelliJ IDEA 2024.1.3\bin\breakgen64.dll
0x00007ffd8b780000 - 0x00007ffd8b789000 	C:\Program Files\Java\jdk-22\bin\extnet.dll
0x00007ffd9f390000 - 0x00007ffd9f492000 	C:\Windows\SYSTEM32\DNSAPI.dll
0x00007ffd9f320000 - 0x00007ffd9f34d000 	C:\Windows\SYSTEM32\IPHLPAPI.DLL
0x00007ffda1f70000 - 0x00007ffda1f79000 	C:\Windows\System32\NSI.dll
0x00007ffd9bb60000 - 0x00007ffd9bb6a000 	C:\Windows\System32\rasadhlp.dll
0x00007ffd9bc40000 - 0x00007ffd9bcc3000 	C:\Windows\System32\fwpuclnt.dll
0x00007ffd8c7e0000 - 0x00007ffd8c7ea000 	C:\Program Files\Java\jdk-22\bin\management.dll
0x00007ffd8bd50000 - 0x00007ffd8bd5b000 	C:\Program Files\Java\jdk-22\bin\management_ext.dll
0x00007ffda34b0000 - 0x00007ffda34b8000 	C:\Windows\System32\PSAPI.DLL
0x00007ffd9ff60000 - 0x00007ffd9ff7b000 	C:\Windows\SYSTEM32\CRYPTSP.dll
0x00007ffd9f820000 - 0x00007ffd9f855000 	C:\Windows\system32\rsaenh.dll
0x00007ffd9fe00000 - 0x00007ffd9fe28000 	C:\Windows\SYSTEM32\USERENV.dll
0x00007ffd9ff80000 - 0x00007ffd9ff8c000 	C:\Windows\SYSTEM32\CRYPTBASE.dll
0x00007ffd76ac0000 - 0x00007ffd76ad7000 	C:\Windows\system32\napinsp.dll
0x00007ffd76aa0000 - 0x00007ffd76abb000 	C:\Windows\system32\pnrpnsp.dll
0x00007ffd76a80000 - 0x00007ffd76a91000 	C:\Windows\System32\winrnr.dll
0x00007ffd7e6e0000 - 0x00007ffd7e6f5000 	C:\Windows\system32\wshbth.dll
0x00007ffd32000000 - 0x00007ffd32027000 	C:\Windows\system32\nlansp_c.dll
0x00007ffd8b3a0000 - 0x00007ffd8b3b0000 	C:\Program Files\Java\jdk-22\bin\verify.dll
0x00007ffd8b7b0000 - 0x00007ffd8b7be000 	C:\Program Files\Java\jdk-22\bin\sunmscapi.dll
0x00007ffda0c70000 - 0x00007ffda0dd6000 	C:\Windows\System32\CRYPT32.dll
0x00007ffda01e0000 - 0x00007ffda020d000 	C:\Windows\SYSTEM32\ncrypt.dll
0x00007ffda01a0000 - 0x00007ffda01d7000 	C:\Windows\SYSTEM32\NTASN1.dll
0x00007ffd79970000 - 0x00007ffd79978000 	C:\Windows\system32\wshunix.dll
0x00007ffd3bef0000 - 0x00007ffd3c07e000 	C:\Program Files\Java\jdk-22\bin\awt.dll
0x00007ffd9bac0000 - 0x00007ffd9bb57000 	C:\Windows\SYSTEM32\apphelp.dll
0x00007ffd5e4e0000 - 0x00007ffd5e50e000 	C:\Program Files\Java\jdk-22\bin\javajpeg.dll
0x00007ffd9db30000 - 0x00007ffd9db5b000 	C:\Windows\system32\DWMAPI.DLL
0x00007ffd9d890000 - 0x00007ffd9d941000 	C:\Windows\system32\uxtheme.dll

dbghelp: loaded successfully - version: 4.0.5 - missing functions: none
symbol engine: initialized successfully - sym options: 0x614 - pdb path: .;C:\Program Files\Java\jdk-22\bin;C:\Windows\SYSTEM32;C:\Windows\WinSxS\amd64_microsoft.windows.common-controls_6595b64144ccf1df_6.0.22621.4541_none_2710d1c57384c085;C:\Program Files\Java\jdk-22\bin\server;C:\Program Files\JetBrains\IntelliJ IDEA 2024.1.3\bin

VM Arguments:
jvm_args: -XX:TieredStopAtLevel=1 -Dspring.output.ansi.enabled=always -Dcom.sun.management.jmxremote -Dspring.jmx.enabled=true -Dspring.liveBeansView.mbeanDomain -Dspring.application.admin.enabled=true -Dmanagement.endpoints.jmx.exposure.include=* -javaagent:C:\Program Files\JetBrains\IntelliJ IDEA 2024.1.3\lib\idea_rt.jar=59327:C:\Program Files\JetBrains\IntelliJ IDEA 2024.1.3\bin -Dfile.encoding=UTF-8 -Dsun.stdout.encoding=UTF-8 -Dsun.stderr.encoding=UTF-8 
java_command: com.example.KLTN.KltnApplication
java_class_path (initial): D:\KLTN\target\classes;C:\Users\ny221\.m2\repository\com\google\cloud\google-cloud-translate\2.0.0\google-cloud-translate-2.0.0.jar;C:\Users\ny221\.m2\repository\io\grpc\grpc-api\1.39.0\grpc-api-1.39.0.jar;C:\Users\ny221\.m2\repository\io\grpc\grpc-context\1.39.0\grpc-context-1.39.0.jar;C:\Users\ny221\.m2\repository\com\google\code\findbugs\jsr305\3.0.2\jsr305-3.0.2.jar;C:\Users\ny221\.m2\repository\io\grpc\grpc-stub\1.39.0\grpc-stub-1.39.0.jar;C:\Users\ny221\.m2\repository\io\grpc\grpc-protobuf\1.39.0\grpc-protobuf-1.39.0.jar;C:\Users\ny221\.m2\repository\io\grpc\grpc-protobuf-lite\1.39.0\grpc-protobuf-lite-1.39.0.jar;C:\Users\ny221\.m2\repository\com\google\api\api-common\2.0.0\api-common-2.0.0.jar;C:\Users\ny221\.m2\repository\javax\annotation\javax.annotation-api\1.3.2\javax.annotation-api-1.3.2.jar;C:\Users\ny221\.m2\repository\com\google\auto\value\auto-value-annotations\1.8.2\auto-value-annotations-1.8.2.jar;C:\Users\ny221\.m2\repository\com\google\protobuf\protobuf-java\3.17.3\protobuf-java-3.17.3.jar;C:\Users\ny221\.m2\repository\com\google\api\grpc\proto-google-common-protos\2.3.2\proto-google-common-protos-2.3.2.jar;C:\Users\ny221\.m2\repository\com\google\api\grpc\proto-google-cloud-translate-v3beta1\0.82.0\proto-google-cloud-translate-v3beta1-0.82.0.jar;C:\Users\ny221\.m2\repository\com\google\api\grpc\proto-google-cloud-translate-v3\2.0.0\proto-google-cloud-translate-v3-2.0.0.jar;C:\Users\ny221\.m2\repository\com\google\guava\guava\30.1.1-jre\guava-30.1.1-jre.jar;C:\Users\ny221\.m2\repository\com\google\guava\failureaccess\1.0.1\failureaccess-1.0.1.jar;C:\Users\ny221\.m2\repository\com\google\guava\listenablefuture\9999.0-empty-to-avoid-conflict-with-guava\listenablefuture-9999.0-empty-to-avoid-conflict-with-guava.jar;C:\Users\ny221\.m2\repository\org\checkerframework\checker-qual\3.8.0\checker-qual-3.8.0.jar;C:\Users\ny221\.m2\repository\com\google\errorprone\error_prone_annotations\2.8.1\error_prone_annotations-2.8.1.jar;C:\Users\ny221\.m2\repository\com\google\j2objc\j2objc-annotations\1.3\j2objc-annotations-1.3.jar;C:\Users\ny221\.m2\repository\com\google\api\gax\2.0.0\gax-2.0.0.jar;C:\Users\ny221\.m2\repository\io\opencensus\opencensus-api\0.28.0\opencensus-api-0.28.0.jar;C:\Users\ny221\.m2\repository\com\google\api\gax-grpc\2.0.0\gax-grpc-2.0.0.jar;C:\Users\ny221\.m2\repository\io\grpc\grpc-auth\1.39.0\grpc-auth-1.39.0.jar;C:\Users\ny221\.m2\repository\io\grpc\grpc-netty-shaded\1.39.0\grpc-netty-shaded-1.39.0.jar;C:\Users\ny221\.m2\repository\io\perfmark\perfmark-api\0.23.0\perfmark-api-0.23.0.jar;C:\Users\ny221\.m2\repository\io\grpc\grpc-core\1.39.0\grpc-core-1.39.0.jar;C:\Users\ny221\.m2\repository\com\google\android\annotations\4.1.1.4\annotations-4.1.1.4.jar;C:\Users\ny221\.m2\repository\org\codehaus\mojo\animal-sniffer-annotations\1.20\animal-sniffer-annotations-1.20.jar;C:\Users\ny221\.m2\repository\io\grpc\grpc-alts\1.39.0\grpc-alts-1.39.0.jar;C:\Users\ny221\.m2\repository\io\grpc\grpc-grpclb\1.39.0\grpc-grpclb-1.39.0.jar;C:\Users\ny221\.m2\repository\org\conscrypt\conscrypt-openjdk-uber\2.5.1\conscrypt-openjdk-uber-2.5.1.jar;C:\Users\ny221\.m2\repository\org\threeten\threetenbp\1.5.1\threetenbp-1.5.1.jar;C:\Users\ny221\.m2\repository\com\google\cloud\google-cloud-core\2.0.2\google-cloud-core-2.0.2.jar;C:\Users\ny221\.m2\repository\com\google\protobuf\protobuf-java-util\3.17.3\protobuf-java-util-3.17.3.jar;C:\Users\ny221\.m2\repository\com\google\api\grpc\proto-google-iam-v1\1.0.14\proto-google-iam-v1-1.0.14.jar;C:\Users\ny221\.m2\repository\com\google\http-client\google-http-client-gson\1.39.2\google-http-client-gson-1.39.2.jar;C:\Users\ny221\.m2\repository\com\google\cloud\google-cloud-core-http\2.0.2\google-cloud-core-http-2.0.2.jar;C:\Users\ny221\.m2\repository\com\google\api-client\google-api-client\1.32.1\google-api-client-1.32.1.jar;C:\Users\ny221\.m2\repository\com\google\oauth-client\google-oauth-client\1.31.5\google-oauth-client-1.31.5.jar;C:\Users\ny221\.m2\repository\com\google\http-client\google-http-client-apache-v2\1.39.2\google-http-client-apache-v2-1.39.2.jar;C:\Users\ny221\.m2\repository\com\google\http-client\google-http-client-appengine\1.39.2\google-http-client-appengine-1.39.2.jar;C:\Users\ny221\.m2\repository\com\google\api\gax-httpjson\0.85.0\gax-httpjson-0.85.0.jar;C:\Users\ny221\.m2\repository\io\opencensus\opencensus-contrib-http-util\0.28.0\opencensus-contrib-http-util-0.28.0.jar;C:\Users\ny221\.m2\repository\com\google\apis\google-api-services-translate\v2-rev20170525-1.32.1\google-api-services-translate-v2-rev20170525-1.32.1.jar;C:\Users\ny221\.m2\repository\com\google\auth\google-auth-library-credentials\1.0.0\google-auth-library-credentials-1.0.0.jar;C:\Users\ny221\.m2\repository\com\google\auth\google-auth-library-oauth2-http\1.0.0\google-auth-library-oauth2-http-1.0.0.jar;C:\Users\ny221\.m2\repository\com\google\http-client\google-http-client\1.39.2\google-http-client-1.39.2.jar;C:\Users\ny221\.m2\repository\commons-logging\commons-logging\1.2\commons-logging-1.2.jar;C:\Users\ny221\.m2\repository\commons-codec\commons-codec\1.16.1\commons-codec-1.16.1.jar;C:\Users\ny221\.m2\repository\org\apache\httpcomponents\httpcore\4.4.16\httpcore-4.4.16.jar;C:\Users\ny221\.m2\repository\com\google\http-client\google-http-client-jackson2\1.39.2\google-http-client-jackson2-1.39.2.jar;C:\Users\ny221\.m2\repository\com\fasterxml\jackson\core\jackson-core\2.17.2\jackson-core-2.17.2.jar;C:\Users\ny221\.m2\repository\org\springframework\boot\spring-boot-starter-oauth2-resource-server\3.3.2\spring-boot-starter-oauth2-resource-server-3.3.2.jar;C:\Users\ny221\.m2\repository\org\springframework\boot\spring-boot-starter\3.3.2\spring-boot-starter-3.3.2.jar;C:\Users\ny221\.m2\repository\org\springframework\boot\spring-boot-starter-logging\3.3.2\spring-boot-starter-logging-3.3.2.jar;C:\Users\ny221\.m2\repository\ch\qos\logback\logback-classic\1.5.6\logback-classic-1.5.6.jar;C:\Users\ny221\.m2\repository\ch\qos\logback\logback-core\1.5.6\logback-core-1.5.6.jar;C:\Users\ny221\.m2\repository\org\apache\logging\log4j\log4j-to-slf4j\2.23.1\log4j-to-slf4j-2.23.1.jar;C:\Users\ny221\.m2\repository\org\apache\logging\log4j\log4j-api\2.23.1\log4j-api-2.23.1.jar;C:\Users\ny221\.m2\repository\org\slf4j\jul-to-slf4j\2.0.13\jul-to-slf4j-2.0.13.jar;C:\Users\ny221\.m2\repository\jakarta\annotation\jakarta.annotation-api\2.1.1\jakarta.annotation-api-2.1.1.jar;C:\Users\ny221\.m2\repository\org\yaml\snakeyaml\2.2\snakeyaml-2.2.jar;C:\Users\ny221\.m2\repository\org\springframework\security\spring-security-config\6.3.1\spring-security-config-6.3.1.jar;C:\Users\ny221\.m2\repository\org\springframework\spring-beans\6.1.11\spring-beans-6.1.11.jar;C:\Users\ny221\.m2\repository\org\springframework\spring-context\6.1.11\spring-context-6.1.11.jar;C:\Users\ny221\.m2\repository\org\springframework\security\spring-security-core\6.3.1\spring-security-core-6.3.1.jar;C:\Users\ny221\.m2\repository\org\springframework\security\spring-security-crypto\6.3.1\spring-security-crypto-6.3.1.jar;C:\Users\ny221\.m2\repository\org\springframework\spring-expression\6.1.11\spring-expression-6.1.11.jar;C:\Users\ny221\.m2\repository\io\micrometer\micrometer-observation\1.13.2\micrometer-observation-1.13.2.jar;C:\Users\ny221\.m2\repository\io\micrometer\micrometer-commons\1.13.2\micrometer-commons-1.13.2.jar;C:\Users\ny221\.m2\repository\org\springframework\security\spring-security-oauth2-resource-server\6.3.1\spring-security-oauth2-resource-server-6.3.1.jar;C:\Users\ny221\.m2\repository\org\springframework\security\spring-security-oauth2-core\6.3.1\spring-security-oauth2-core-6.3.1.jar;C:\Users\ny221\.m2\repository\org\springframework\security\spring-security-oauth2-jose\6.3.1\spring-security-oauth2-jose-6.3.1.jar;C:\Users\ny221\.m2\repository\com\nimbusds\nimbus-jose-jwt\9.37.3\nimbus-jose-jwt-9.37.3.jar;C:\Users\ny221\.m2\repository\com\github\stephenc\jcip\jcip-annotations\1.0-1\jcip-annotations-1.0-1.jar;C:\Users\ny221\.m2\repository\com\squareup\okhttp3\okhttp\4.9.3\okhttp-4.9.3.jar;C:\Users\ny221\.m2\repository\com\squareup\okio\okio\2.8.0\okio-2.8.0.jar;C:\Users\ny221\.m2\repository\org\jetbrains\kotlin\kotlin-stdlib-common\1.9.24\kotlin-stdlib-common-1.9.24.jar;C:\Users\ny221\.m2\repository\org\jetbrains\kotlin\kotlin-stdlib\1.9.24\kotlin-stdlib-1.9.24.jar;C:\Users\ny221\.m2\repository\org\jetbrains\annotations\13.0\annotations-13.0.jar;C:\Users\ny221\.m2\repository\org\bitcoinj\bitcoinj-core\0.15.10\bitcoinj-core-0.15.10.jar;C:\Users\ny221\.m2\repository\org\bouncycastle\bcprov-jdk15to18\1.68\bcprov-jdk15to18-1.68.jar;C:\Users\ny221\.m2\repository\org\slf4j\slf4j-api\2.0.13\slf4j-api-2.0.13.jar;C:\Users\ny221\.m2\repository\net\jcip\jcip-annotations\1.0\jcip-annotations-1.0.jar;C:\Users\ny221\.m2\repository\com\fasterxml\jackson\core\jackson-databind\2.14.1\jackson-databind-2.14.1.jar;C:\Users\ny221\.m2\repository\com\fasterxml\jackson\core\jackson-annotations\2.17.2\jackson-annotations-2.17.2.jar;C:\Users\ny221\.m2\repository\com\google\code\gson\gson\2.10.1\gson-2.10.1.jar;C:\Users\ny221\.m2\repository\org\json\json\20210307\json-20210307.jar;C:\Users\ny221\.m2\repository\org\apache\httpcomponents\httpclient\4.5.13\httpclient-4.5.13.jar;C:\Users\ny221\.m2\repository\io\jsonwebtoken\jjwt\0.9.1\jjwt-0.9.1.jar;C:\Users\ny221\.m2\repository\javax\xml\bind\jaxb-api\2.3.1\jaxb-api-2.3.1.jar;C:\Users\ny221\.m2\repository\javax\activation\javax.activation-api\1.2.0\javax.activation-api-1.2.0.jar;C:\Users\ny221\.m2\repository\org\glassfish\jaxb\jaxb-runtime\2.3.1\jaxb-runtime-2.3.1.jar;C:\Users\ny221\.m2\repository\org\glassfish\jaxb\txw2\4.0.5\txw2-4.0.5.jar;C:\Users\ny221\.m2\repository\com\sun\istack\istack-commons-runtime\4.1.2\istack-commons-runtime-4.1.2.jar;C:\Users\ny221\.m2\repository\org\jvnet\staxex\stax-ex\2.1.0\stax-ex-2.1.0.jar;C:\Users\ny221\.m2\repository\jakarta\activation\jakarta.activation-api\2.1.3\jakarta.activation-api-2.1.3.jar;C:\Users\ny221\.m2\repository\com\sun\xml\fastinfoset\FastInfoset\2.1.1\FastInfoset-2.1.1.jar;C:\Users\ny221\.m2\repository\com\mysql\mysql-connector-j\8.3.0\mysql-connector-j-8.3.0.jar;C:\Users\ny221\.m2\repository\org\springframework\boot\spring-boot-starter-security\3.3.2\spring-boot-starter-security-3.3.2.jar;C:\Users\ny221\.m2\repository\org\springframework\spring-aop\6.1.11\spring-aop-6.1.11.jar;C:\Users\ny221\.m2\repository\org\springframework\security\spring-security-web\6.3.1\spring-security-web-6.3.1.jar;C:\Users\ny221\.m2\repository\org\springframework\boot\spring-boot-starter-oauth2-client\3.3.2\spring-boot-starter-oauth2-client-3.3.2.jar;C:\Users\ny221\.m2\repository\org\springframework\security\spring-security-oauth2-client\6.3.1\spring-security-oauth2-client-6.3.1.jar;C:\Users\ny221\.m2\repository\com\nimbusds\oauth2-oidc-sdk\9.43.4\oauth2-oidc-sdk-9.43.4.jar;C:\Users\ny221\.m2\repository\com\nimbusds\content-type\2.2\content-type-2.2.jar;C:\Users\ny221\.m2\repository\com\nimbusds\lang-tag\1.7\lang-tag-1.7.jar;C:\Users\ny221\.m2\repository\org\springframework\boot\spring-boot-starter-mail\3.3.2\spring-boot-starter-mail-3.3.2.jar;C:\Users\ny221\.m2\repository\org\springframework\spring-context-support\6.1.11\spring-context-support-6.1.11.jar;C:\Users\ny221\.m2\repository\org\eclipse\angus\jakarta.mail\2.0.3\jakarta.mail-2.0.3.jar;C:\Users\ny221\.m2\repository\org\eclipse\angus\angus-activation\2.0.2\angus-activation-2.0.2.jar;C:\Users\ny221\.m2\repository\org\springframework\boot\spring-boot-starter-data-jdbc\3.3.2\spring-boot-starter-data-jdbc-3.3.2.jar;C:\Users\ny221\.m2\repository\org\springframework\boot\spring-boot-starter-jdbc\3.3.2\spring-boot-starter-jdbc-3.3.2.jar;C:\Users\ny221\.m2\repository\com\zaxxer\HikariCP\5.1.0\HikariCP-5.1.0.jar;C:\Users\ny221\.m2\repository\org\springframework\spring-jdbc\6.1.11\spring-jdbc-6.1.11.jar;C:\Users\ny221\.m2\repository\org\springframework\data\spring-data-jdbc\3.3.2\spring-data-jdbc-3.3.2.jar;C:\Users\ny221\.m2\repository\org\springframework\data\spring-data-relational\3.3.2\spring-data-relational-3.3.2.jar;C:\Users\ny221\.m2\repository\org\springframework\data\spring-data-commons\3.3.2\spring-data-commons-3.3.2.jar;C:\Users\ny221\.m2\repository\org\springframework\spring-tx\6.1.11\spring-tx-6.1.11.jar;C:\Users\ny221\.m2\repository\org\springframework\boot\spring-boot-starter-data-jpa\3.3.2\spring-boot-starter-data-jpa-3.3.2.jar;C:\Users\ny221\.m2\repository\org\springframework\boot\spring-boot-starter-aop\3.3.2\spring-boot-starter-aop-3.3.2.jar;C:\Users\ny221\.m2\repository\org\aspectj\aspectjweaver\1.9.22.1\aspectjweaver-1.9.22.1.jar;C:\Users\ny221\.m2\repository\org\hibernate\orm\hibernate-core\6.5.2.Final\hibernate-core-6.5.2.Final.jar;C:\Users\ny221\.m2\repository\jakarta\persistence\jakarta.persistence-api\3.1.0\jakarta.persistence-api-3.1.0.jar;C:\Users\ny221\.m2\repository\jakarta\transaction\jakarta.transaction-api\2.0.1\jakarta.transaction-api-2.0.1.jar;C:\Users\ny221\.m2\repository\org\jboss\logging\jboss-logging\3.5.3.Final\jboss-logging-3.5.3.Final.jar;C:\Users\ny221\.m2\repository\org\hibernate\common\hibernate-commons-annotations\6.0.6.Final\hibernate-commons-annotations-6.0.6.Final.jar;C:\Users\ny221\.m2\repository\io\smallrye\jandex\3.1.2\jandex-3.1.2.jar;C:\Users\ny221\.m2\repository\com\fasterxml\classmate\1.7.0\classmate-1.7.0.jar;C:\Users\ny221\.m2\repository\net\bytebuddy\byte-buddy\1.14.18\byte-buddy-1.14.18.jar;C:\Users\ny221\.m2\repository\jakarta\inject\jakarta.inject-api\2.0.1\jakarta.inject-api-2.0.1.jar;C:\Users\ny221\.m2\repository\org\antlr\antlr4-runtime\4.13.0\antlr4-runtime-4.13.0.jar;C:\Users\ny221\.m2\repository\org\springframework\data\spring-data-jpa\3.3.2\spring-data-jpa-3.3.2.jar;C:\Users\ny221\.m2\repository\org\springframework\spring-orm\6.1.11\spring-orm-6.1.11.jar;C:\Users\ny221\.m2\repository\org\springframework\spring-aspects\6.1.11\spring-aspects-6.1.11.jar;C:\Users\ny221\.m2\repository\org\springframework\boot\spring-boot-starter-thymeleaf\3.3.2\spring-boot-starter-thymeleaf-3.3.2.jar;C:\Users\ny221\.m2\repository\org\springframework\boot\spring-boot-starter-web\3.3.2\spring-boot-starter-web-3.3.2.jar;C:\Users\ny221\.m2\repository\org\springframework\boot\spring-boot-starter-json\3.3.2\spring-boot-starter-json-3.3.2.jar;C:\Users\ny221\.m2\repository\com\fasterxml\jackson\datatype\jackson-datatype-jdk8\2.17.2\jackson-datatype-jdk8-2.17.2.jar;C:\Users\ny221\.m2\repository\com\fasterxml\jackson\datatype\jackson-datatype-jsr310\2.17.2\jackson-datatype-jsr310-2.17.2.jar;C:\Users\ny221\.m2\repository\com\fasterxml\jackson\module\jackson-module-parameter-names\2.17.2\jackson-module-parameter-names-2.17.2.jar;C:\Users\ny221\.m2\repository\org\springframework\boot\spring-boot-starter-tomcat\3.3.2\spring-boot-starter-tomcat-3.3.2.jar;C:\Users\ny221\.m2\repository\org\apache\tomcat\embed\tomcat-embed-core\10.1.26\tomcat-embed-core-10.1.26.jar;C:\Users\ny221\.m2\repository\org\apache\tomcat\embed\tomcat-embed-el\10.1.26\tomcat-embed-el-10.1.26.jar;C:\Users\ny221\.m2\repository\org\apache\tomcat\embed\tomcat-embed-websocket\10.1.26\tomcat-embed-websocket-10.1.26.jar;C:\Users\ny221\.m2\repository\org\springframework\spring-web\6.1.11\spring-web-6.1.11.jar;C:\Users\ny221\.m2\repository\org\springframework\spring-webmvc\6.1.11\spring-webmvc-6.1.11.jar;C:\Users\ny221\.m2\repository\org\thymeleaf\thymeleaf-spring6\3.1.2.RELEASE\thymeleaf-spring6-3.1.2.RELEASE.jar;C:\Users\ny221\.m2\repository\org\thymeleaf\thymeleaf\3.1.2.RELEASE\thymeleaf-3.1.2.RELEASE.jar;C:\Users\ny221\.m2\repository\org\attoparser\attoparser\2.0.7.RELEASE\attoparser-2.0.7.RELEASE.jar;C:\Users\ny221\.m2\repository\org\unbescape\unbescape\1.1.6.RELEASE\unbescape-1.1.6.RELEASE.jar;C:\Users\ny221\.m2\repository\org\springframework\boot\spring-boot-devtools\3.3.2\spring-boot-devtools-3.3.2.jar;C:\Users\ny221\.m2\repository\org\springframework\boot\spring-boot\3.3.2\spring-boot-3.3.2.jar;C:\Users\ny221\.m2\repository\org\springframework\boot\spring-boot-autoconfigure\3.3.2\spring-boot-autoconfigure-3.3.2.jar;C:\Users\ny221\.m2\repository\org\projectlombok\lombok\1.18.34\lombok-1.18.34.jar;C:\Users\ny221\.m2\repository\jakarta\xml\bind\jakarta.xml.bind-api\4.0.2\jakarta.xml.bind-api-4.0.2.jar;C:\Users\ny221\.m2\repository\net\minidev\json-smart\2.5.1\json-smart-2.5.1.jar;C:\Users\ny221\.m2\repository\net\minidev\accessors-smart\2.5.1\accessors-smart-2.5.1.jar;C:\Users\ny221\.m2\repository\org\ow2\asm\asm\9.6\asm-9.6.jar;C:\Users\ny221\.m2\repository\org\springframework\spring-core\6.1.11\spring-core-6.1.11.jar;C:\Users\ny221\.m2\repository\org\springframework\spring-jcl\6.1.11\spring-jcl-6.1.11.jar;C:\Users\ny221\.m2\repository\org\springframework\boot\spring-boot-starter-websocket\3.3.2\spring-boot-starter-websocket-3.3.2.jar;C:\Users\ny221\.m2\repository\org\springframework\spring-messaging\6.1.11\spring-messaging-6.1.11.jar;C:\Users\ny221\.m2\repository\org\springframework\spring-websocket\6.1.11\spring-websocket-6.1.11.jar
Launcher Type: SUN_STANDARD

[Global flags]
     intx CICompilerCount                          = 12                                        {product} {ergonomic}
     uint ConcGCThreads                            = 3                                         {product} {ergonomic}
     uint G1ConcRefinementThreads                  = 13                                        {product} {ergonomic}
   size_t G1HeapRegionSize                         = 2097152                                   {product} {ergonomic}
   size_t InitialHeapSize                          = 264241152                                 {product} {ergonomic}
     bool ManagementServer                         = true                                      {product} {command line}
   size_t MarkStackSize                            = 4194304                                   {product} {ergonomic}
   size_t MaxHeapSize                              = 4198498304                                {product} {ergonomic}
   size_t MaxNewSize                               = 2518679552                                {product} {ergonomic}
   size_t MinHeapDeltaBytes                        = 2097152                                   {product} {ergonomic}
   size_t MinHeapSize                              = 8388608                                   {product} {ergonomic}
    uintx NonNMethodCodeHeapSize                   = 4096                                   {pd product} {ergonomic}
    uintx NonProfiledCodeHeapSize                  = 0                                      {pd product} {ergonomic}
     bool ProfileInterpreter                       = false                                  {pd product} {command line}
    uintx ProfiledCodeHeapSize                     = 0                                      {pd product} {ergonomic}
   size_t SoftMaxHeapSize                          = 4198498304                             {manageable} {ergonomic}
     intx TieredStopAtLevel                        = 1                                         {product} {command line}
     bool UseCompressedOops                        = true                           {product lp64_product} {ergonomic}
     bool UseG1GC                                  = true                                      {product} {ergonomic}
     bool UseLargePagesIndividualAllocation        = false                                  {pd product} {ergonomic}

Logging:
Log output configuration:
 #0: stdout all=warning uptime,level,tags foldmultilines=false
 #1: stderr all=off uptime,level,tags foldmultilines=false

Environment Variables:
PATH=C:\Program Files\Common Files\Oracle\Java\javapath;C:\Program Files\Microsoft MPI\Bin\;C:\Windows\system32;C:\Windows;C:\Windows\System32\Wbem;C:\Windows\System32\WindowsPowerShell\v1.0\;C:\Windows\System32\OpenSSH\;C:\Program Files\Microsoft SQL Server\Client SDK\ODBC\170\Tools\Binn\;C:\Program Files (x86)\Microsoft SQL Server\160\Tools\Binn\;C:\Program Files\Microsoft SQL Server\160\Tools\Binn\;C:\Program Files\Microsoft SQL Server\160\DTS\Binn\;C:\Program Files (x86)\Microsoft SQL Server\160\DTS\Binn\;C:\Program Files\Azure Data Studio\bin;C:\ProgramData\ComposerSetup\bin;D:\DL\phpMyAdmin;D:\Git\cmd;C:\Program Files\Microsoft SQL Server\150\Tools\Binn\;C:\xampp\php;C:\Program Files\nodejs\;%JAVA_HOME%\bin;C:\Program Files\Docker\Docker\resources\bin;C:\Users\ny221\AppData\Roaming\npm;D:\xampp\php;D:\xampp\php;C:\Users\ny221\AppData\Local\Programs\Microsoft VS Code\bin;C:\Users\ny221\AppData\Local\GitHubDesktop\bin
USERNAME=ny221
OS=Windows_NT
PROCESSOR_IDENTIFIER=Intel64 Family 6 Model 186 Stepping 2, GenuineIntel
TMP=C:\Users\ny221\AppData\Local\Temp
TEMP=C:\Users\ny221\AppData\Local\Temp




Periodic native trim disabled

---------------  S Y S T E M  ---------------

OS:
 Windows 11 , 64 bit Build 22621 (10.0.22621.4391)
OS uptime: 14 days 22:02 hours
Hyper-V role detected

CPU: total 16 (initial active 16) (8 cores per cpu, 2 threads per core) family 6 model 186 stepping 2 microcode 0x410e, cx8, cmov, fxsr, ht, mmx, 3dnowpref, sse, sse2, sse3, ssse3, sse4.1, sse4.2, popcnt, lzcnt, tsc, tscinvbit, avx, avx2, aes, erms, clmul, bmi1, bmi2, adx, sha, fma, vzeroupper, clflush, clflushopt, clwb, hv, serialize, rdtscp, rdpid, fsrm, f16c, cet_ibt, cet_ss
Processor Information for processor 0
  Max Mhz: 1900, Current Mhz: 1900, Mhz Limit: 1900
Processor Information for processor 1
  Max Mhz: 1900, Current Mhz: 1900, Mhz Limit: 1900
Processor Information for processor 2
  Max Mhz: 1900, Current Mhz: 1900, Mhz Limit: 1900
Processor Information for processor 3
  Max Mhz: 1900, Current Mhz: 1900, Mhz Limit: 1900
Processor Information for processor 4
  Max Mhz: 1900, Current Mhz: 1900, Mhz Limit: 1900
Processor Information for processor 5
  Max Mhz: 1900, Current Mhz: 1900, Mhz Limit: 1900
Processor Information for processor 6
  Max Mhz: 1900, Current Mhz: 1900, Mhz Limit: 1900
Processor Information for processor 7
  Max Mhz: 1900, Current Mhz: 1900, Mhz Limit: 1900
Processor Information for processor 8
  Max Mhz: 1900, Current Mhz: 1400, Mhz Limit: 1387
Processor Information for processor 9
  Max Mhz: 1900, Current Mhz: 1400, Mhz Limit: 1387
Processor Information for processor 10
  Max Mhz: 1900, Current Mhz: 1400, Mhz Limit: 1387
Processor Information for processor 11
  Max Mhz: 1900, Current Mhz: 1400, Mhz Limit: 1387
Processor Information for processor 12
  Max Mhz: 1900, Current Mhz: 1400, Mhz Limit: 1387
Processor Information for processor 13
  Max Mhz: 1900, Current Mhz: 1400, Mhz Limit: 1387
Processor Information for processor 14
  Max Mhz: 1900, Current Mhz: 1400, Mhz Limit: 1387
Processor Information for processor 15
  Max Mhz: 1900, Current Mhz: 1400, Mhz Limit: 1387

Memory: 4k page, system-wide physical 16008M (1009M free)
TotalPageFile size 31360M (AvailPageFile size 7M)
current process WorkingSet (physical memory assigned to process): 569M, peak: 887M
current process commit charge ("private bytes"): 659M, peak: 1017M

vm_info: Java HotSpot(TM) 64-Bit Server VM (22.0.1+8-16) for windows-amd64 JRE (22.0.1+8-16), built on 2024-03-12T10:33:16Z by "mach5one" with MS VC++ 17.6 (VS2022)

END.
